10gs	11gs	13gs	16pk	184l	185l	186l	187l	188l	1a07
1a1b	1a1c	1a1e	1a28	1a42	1a46	1a4g	1a4h	1a4q	1a4w
1a52	1a5v	1a61	1a69	1a8i	1a94	1a99	1a9m	1a9q	1aaq
1abf	1acj	1add	1adl	1ado	1afk	1ag9	1agw	1ahx	1ahy
1ai4	1ai5	1ai6	1ai7	1aid	1aj6	1ajn	1ajp	1ajq	1akq
1akr	1akt	1aku	1akv	1akw	1al7	1al8	1alw	1amk	1amw
1ao0	1apb	1aq1	1aqj	1avd	1avn	1awh	1ax0	1ax1	1ax2
1axr	1axs	1axz	1azl	1b05	1b0h	1b1h	1b2h	1b2i	1b32
1b38	1b3f	1b3g	1b3h	1b3l	1b40	1b42	1b46	1b4h	1b4z
1b51	1b52	1b56	1b58	1b5g	1b5h	1b5i	1b5j	1b6h	1b6j
1b6k	1b74	1b7h	1b8n	1b8o	1b9j	1b9s	1b9t	1b9v	1bai
1bap	1bbz	1bcd	1bhf	1bhx	1bil	1bji	1bkm	1bky	1bl4
1bl6	1bl7	1bma	1bmb	1bmk	1bmm	1bn1	1bn4	1bnn	1bnq
1bnt	1bnv	1bnw	1bo5	1bp0	1bq4	1br5	1br6	1br8	1bv7
1bv9	1bwa	1bwb	1bxo	1bxq	1bzf	1bzh	1bzj	1c12	1c1u
1c29	1c2t	1c3e	1c3x	1c4u	1c50	1c5c	1c5f	1c5o	1c5q
1c7e	1c7f	1c83	1c84	1c85	1c86	1c87	1c88	1c8k	1c8v
1c9d	1cbr	1cbx	1ce5	1ceb	1cet	1cil	1cim	1cin	1cj1
1cka	1ckb	1cnx	1cny	1cpi	1cqp	1cr6	1csh	1csi	1csr
1css	1ctr	1cw2	1cwb	1cwc	1cx9	1cyn	1czc	1cze	1czk
1czl	1czo	1czr	1d04	1d09	1d3d	1d3p	1d3q	1d4i	1d4k
1d4p	1d4t	1d4y	1d5r	1d6n	1d6v	1d6w	1d7j	1dar	1db1
1dbb	1dbk	1det	1df8	1dfo	1dgm	1dhi	1dhj	1di8	1di9
1dif	1dis	1dkd	1dl7	1dm2	1dmb	1dmp	1drj	1drk	1drv
1dtq	1dtt	1dub	1dud	1duv	1dva	1dwd	1dx6	1dy4	1dzj
1dzk	1dzm	1dzp	1e00	1e02	1e06	1e1v	1e1x	1e1y	1e2k
1e2l	1e3g	1e3v	1e4h	1e5a	1e6q	1e6s	1e72	1e8h	1e9h
1eb2	1ebw	1ebz	1ec0	1ec3	1ec9	1ecq	1ecv	1eef	1eei
1efi	1efy	1egh	1ej4	1ejn	1ek1	1ek2	1ela	1elb	1elc
1eld	1ele	1elr	1em6	1ent	1enu	1epo	1epp	1erb	1err
1eve	1evh	1ez9	1ezq	1f0q	1f0t	1f0u	1f28	1f2o	1f3e
1f3j	1f4e	1f4f	1f4g	1f4x	1f5k	1f5l	1f73	1f74	1f8a
1f8b	1f8c	1f8d	1f8e	1f90	1f92	1f9e	1f9g	1fbm	1fch
1fcx	1fcy	1fcz	1fd0	1fd7	1fe3	1fgi	1fhd	1fig	1fiv
1fj4	1fkb	1fkf	1fkg	1fkh	1fki	1fkn	1fkw	1fl3	1flm
1flr	1fo0	1fpc	1fpi	1fpy	1fq5	1fq6	1fq7	1fq8	1fsg
1fta	1ftj	1ftk	1ftl	1ftm	1fv9	1fvt	1fvv	1fw0	1fwe
1fyr	1fzj	1fzk	1fzo	1fzq	1g1d	1g2o	1g30	1g32	1g3f
1g3m	1g45	1g46	1g4j	1g50	1g52	1g53	1g54	1g5f	1g74
1g7f	1g7g	1g7p	1g7v	1g85	1g98	1g9t	1ga8	1ga9	1gai
1gca	1gfy	1gfz	1ggn	1gi7	1gj5	1gj7	1gj8	1gja	1gjb
1gjc	1gjd	1gni	1gnj	1gnm	1gnn	1gno	1gny	1gqs	1grp
1gsf	1gsz	1gt4	1gu1	1gu3	1gui	1gux	1gvx	1gwm	1gwq
1gwr	1gx8	1gym	1gz3	1gz4	1gzv	1h01	1h08	1h0a	1h0w
1h1p	1h1s	1h24	1h27	1h35	1h36	1h37	1h39	1h3a	1h3b
1h3c	1h46	1h4n	1h4w	1h5u	1h60	1h61	1h62	1h6e	1h6h
1h7a	1h9z	1ha2	1hbv	1hdt	1hee	1hef	1hge	1hgi	1hgj
1hgt	1hi3	1hih	1hii	1him	1hiv	1hk1	1hk2	1hlf	1hmr
1hms	1hmt	1hn2	1hp5	1hpv	1hpx	1hqg	1hqh	1hrn	1hs6
1hsl	1hte	1htf	1htg	1hti	1hty	1hvi	1hvj	1hvk	1hvl
1hvr	1hvs	1hvy	1hwr	1hxb	1hxk	1hxw	1hyo	1i00	1i1e
1i2s	1i32	1i33	1i37	1i41	1i43	1i48	1i5r	1i6v	1i7c
1i7g	1i7i	1i7m	1i7z	1i80	1i8z	1i91	1i9l	1i9n	1i9o
1i9p	1i9q	1ida	1idb	1ie9	1iep	1iew	1ihy	1ii5	1iih
1iiq	1ik4	1ikx	1iky	1il3	1il4	1il5	1il9	1inf	1ing
1inh	1inq	1iq1	1is0	1it6	1iup	1ivp	1iy7	1iyl	1izh
1izi	1j01	1j14	1j15	1j16	1j17	1j4r	1jak	1jaq	1jet
1jeu	1jev	1jg0	1jii	1jij	1jik	1jil	1jj9	1jjk	1jld
1jlq	1jmf	1jmg	1jmi	1jn2	1jn4	1jp5	1jpl	1jq3	1jqd
1jqe	1jqy	1jr1	1jt1	1jtq	1juf	1juq	1jut	1juy	1jvp
1jwt	1jyq	1jys	1jzs	1k03	1k06	1k08	1k1j	1k1m	1k1n
1k1o	1k1p	1k4g	1k4h	1kak	1kc5	1kcs	1kdk	1ke5	1ke6
1ke7	1ke8	1ke9	1kf0	1kf6	1kfy	1kkq	1kl3	1kl5	1klg
1klu	1km3	1kmv	1koj	1kqb	1ktt	1kv2	1kv5	1kwr	1kyv
1kz8	1kzk	1kzn	1l0a	1l2s	1l5q	1l5r	1l5s	1l7x	1l83
1l8g	1laf	1lag	1lah	1lan	1lb6	1lbf	1lbk	1lee	1lek
1lev	1lf2	1lf8	1lf9	1lfo	1lgw	1lhu	1li2	1li3	1li6
1lkk	1lkl	1loq	1lor	1los	1lox	1lpk	1lpz	1lq2	1lqd
1lrt	1lst	1lt6	1lvc	1lvk	1lzo	1lzq	1m0b	1m13	1m2p
1m2q	1m2r	1m4h	1m51	1m5b	1m5c	1m5d	1m5e	1m5f	1m74
1m7q	1m7y	1m83	1m9n	1mai	1mau	1maw	1mcz	1me7	1me8
1mes	1met	1meu	1mfg	1mik	1mkd	1ml1	1mm6	1mm7	1moq
1mq5	1mqd	1mqg	1mqh	1mqi	1mqj	1mrw	1mrx	1ms0	1ms7
1msm	1msn	1mto	1mtr	1mui	1mv0	1mx1	1mxu	1my2	1my3
1my4	1mzs	1n0t	1n1m	1n1t	1n1v	1n2v	1n3i	1n43	1n46
1n4h	1n4k	1n5z	1n8v	1n94	1n9a	1n9m	1nax	1nd5	1ndj
1ndv	1ndw	1ndy	1ndz	1nf8	1ngw	1nhg	1nhu	1nhv	1nhw
1nhx	1nhz	1nj1	1nj5	1njb	1njd	1njs	1nl9	1nli	1nlo
1nlp	1nlt	1nm6	1nmk	1nnb	1nnk	1nnu	1nny	1no6	1noi
1noj	1nok	1nox	1np0	1npa	1nq0	1nq7	1nt1	1ntk	1ntv
1nu3	1nvs	1nw4	1nw5	1nw7	1nwl	1nxy	1nyx	1nz7	1o0f
1o0m	1o0n	1o0o	1o2n	1o2p	1o2q	1o42	1o46	1o49	1o4f
1o4g	1o4h	1o4j	1o4l	1o4m	1o4n	1o4o	1o4p	1o4q	1o5c
1o5m	1o5r	1o6h	1o6i	1o6q	1o6r	1o79	1o86	1oai	1oar
1oba	1ocn	1od8	1odi	1odj	1ody	1oe7	1oe8	1ofz	1ogu
1oh4	1oi9	1oif	1oim	1oiq	1oir	1oit	1oiu	1oiy	1oj5
1ok7	1okv	1okw	1oky	1okz	1ol1	1ol2	1om1	1om9	1ony
1onz	1os5	1osg	1oss	1oth	1ouk	1ouy	1ov3	1ove	1ow6
1ow7	1ow8	1owd	1owe	1owi	1owj	1owk	1ox9	1oz0	1ozv
1p0y	1p19	1p1o	1p28	1p2a	1p2g	1p4r	1p4u	1p5e	1p93
1pa9	1pb8	1pbk	1pbq	1pcg	1pdz	1pf7	1pf8	1pfy	1pg2
1pgp	1ph0	1phw	1pip	1pkx	1pl0	1pmn	1pmu	1pmv	1pot
1ppm	1pr1	1prm	1pum	1pvn	1pwp	1pwu	1pwy	1pxh	1pxj
1pxk	1pxl	1pxm	1pxo	1pxp	1py1	1pyg	1pyn	1pyw	1pzi
1pzo	1q0b	1q1g	1q1m	1q3d	1q3w	1q41	1q4l	1q4w	1q4x
1q5k	1q5l	1q63	1q65	1q66	1q6k	1q6p	1q6s	1q6t	1q72
1q83	1q8w	1q95	1q9d	1qaw	1qb9	1qbn	1qbr	1qbs	1qbt
1qbu	1qf2	1qft	1qj1	1qj6	1qj7	1qja	1qjb	1qk3	1qka
1qkb	1qkn	1qku	1qm4	1qm5	1qon	1qpb	1qpe	1qpl	1qq9
1qs4	1qsc	1qti	1qvt	1qvu	1qwf	1qwu	1qx1	1qxk	1qxl
1qy1	1qy2	1qyg	1r0p	1r1h	1r1i	1r4w	1r58	1r5h	1r5n
1r5w	1r6g	1r6n	1r6z	1r78	1r9l	1rbo	1rbp	1rd4	1rdt
1rev	1rin	1rjk	1rlp	1rlq	1rnm	1ro7	1rpa	1rpf	1rpj
1rq2	1rql	1rri	1rrw	1rry	1rs4	1rsd	1rsi	1rst	1rt1
1rt2	1rt9	1rtf	1rth	1rv1	1rw8	1rwq	1rwx	1rzx	1s19
1s26	1s39	1s4d	1s50	1s9t	1s9v	1sc8	1sh9	1shd	1siv
1sje	1skj	1sld	1sle	1slg	1sm3	1sme	1so2	1soj	1sps
1sqb	1sqc	1sqn	1sqo	1sqp	1sqq	1sqt	1sr7	1sre	1ssq
1stc	1stp	1str	1sts	1sve	1svg	1svh	1sw1	1sw2	1swi
1swk	1swn	1swp	1swr	1syo	1sz0	1szd	1szm	1t13	1t1r
1t1s	1t29	1t2v	1t46	1t48	1t49	1t4j	1t4s	1t4v	1t5a
1t79	1t7f	1t7j	1t7r	1ta2	1ta6	1tet	1tg5	1thl	1thr
1ths	1thz	1tjp	1tkx	1tl7	1tl9	1tlp	1tmn	1tog	1toi
1toj	1tok	1tom	1tou	1tow	1tqf	1trd	1tsl	1tsm	1tsv
1tsy	1tt1	1ttm	1tu6	1tv6	1tve	1tvr	1tze	1u0g	1u1w
1u2r	1u2y	1u33	1u3q	1u3r	1u59	1u65	1u71	1u8t	1u9e
1ua4	1udt	1udu	1uho	1ui0	1uj0	1ujj	1ujk	1uk0	1uk1
1uml	1umw	1unl	1uou	1upf	1upk	1ur9	1urc	1urw	1usi
1usk	1utc	1utj	1utl	1utm	1utn	1utp	1utt	1utz	1uu7
1uu8	1uu9	1uv5	1uvr	1uw6	1uwb	1uwh	1uwt	1uwu	1uxa
1uxb	1uy6	1uy7	1uy8	1uy9	1uyc	1uyd	1uye	1uyf	1uyg
1uyh	1uyi	1uym	1uys	1uz1	1uz4	1uz8	1v0l	1v0m	1v0n
1v0o	1v0p	1v1j	1v1k	1v2h	1v2j	1v2l	1v2m	1v2s	1v2u
1v2v	1v41	1v79	1v7a	1vcj	1vcu	1vea	1veb	1vfn	1vj5
1vja	1vjb	1vjc	1vjd	1vjy	1vkj	1vot	1vr1	1vrt	1vru
1vwf	1vwl	1vwn	1vyf	1vyg	1vyq	1vyw	1vyz	1vzq	1w0x
1w0z	1w13	1w1p	1w1t	1w1v	1w1y	1w25	1w2g	1w2x	1w3j
1w3k	1w4l	1w4p	1w4q	1w51	1w5v	1w5w	1w5x	1w5y	1w6h
1w6j	1w6r	1w76	1w7h	1w80	1w82	1w83	1w84	1w8l	1w8m
1w96	1wax	1way	1wbn	1wbo	1wbs	1wbt	1wbv	1wbw	1wc6
1wcc	1wcq	1wdn	1wdq	1wdy	1we2	1wht	1wm1	1wok	1wug
1wvj	1wxz	1wzy	1x1z	1x38	1x39	1x6u	1x70	1x76	1x78
1x7b	1x7e	1x7q	1x7r	1x8b	1x8s	1xap	1xbb	1xbc	1xbo
1xd0	1xdg	1xfv	1xh4	1xh5	1xh6	1xh7	1xh8	1xhy	1xjd
1xk9	1xka	1xkk	1xlx	1xlz	1xm4	1xm6	1xmu	1xn2	1xnx
1xnz	1xo2	1xoe	1xog	1xom	1xon	1xoq	1xor	1xos	1xow
1xoz	1xq0	1xqc	1xr9	1xs7	1xsc	1xt8	1xuc	1xud	1xws
1xxe	1xxi	1y0l	1y1m	1y1z	1y20	1y2a	1y2b	1y2d	1y2e
1y2f	1y2g	1y2h	1y2j	1y2k	1y4z	1y57	1y6a	1y6b	1y6q
1y98	1ya4	1ybo	1yc4	1yda	1ydb	1ydk	1yds	1yet	1yhs
1yid	1ym2	1ym4	1ynd	1yon	1ype	1ypg	1ypj	1yrs	1ysg
1ysi	1yt7	1yt9	1yvf	1yvh	1yvm	1yw2	1ywr	1yxd	1yy4
1yye	1yyr	1yys	1z1h	1z1r	1z34	1z4n	1z4u	1z5m	1z6p
1z6q	1z6s	1z71	1z9h	1zaf	1zaj	1zc9	1zd3	1zdp	1zea
1zeo	1zfk	1zfq	1zge	1zgv	1zh7	1zhl	1zkk	1zkl	1zkn
1zky	1zoe	1zog	1zoh	1zrz	1zsb	1zsf	1zub	1zuc	1zxv
1zyj	1zyr	1zz2	1zzl	220l	223l	2a0c	2a2x	2a3a	2a3b
2a3c	2a4l	2a4m	2a4z	2a5b	2a5c	2a5s	2a5u	2a8g	2aa6
2aa9	2aac	2aay	2adm	2adu	2ael	2afw	2afx	2agv	2aj8
2am1	2am2	2ama	2amv	2ank	2anl	2anm	2ao6	2aoc	2aod
2aoe	2aov	2aox	2aq7	2aqb	2aqu	2ate	2ath	2auz	2avi
2aw1	2ax6	2ax9	2axi	2ay1	2ay2	2ay3	2ay4	2ay5	2ay6
2ay7	2ay8	2ay9	2ayp	2az5	2az8	2az9	2azc	2azm	2azr
2b07	2b1g	2b1i	2b1v	2b1z	2b2v	2b4l	2b4m	2b52	2b53
2b54	2b55	2b7a	2b7f	2b8l	2b8v	2b9a	2baj	2bak	2bal
2ban	2bb7	2bcd	2bdj	2bdy	2be2	2bfq	2bfr	2bgd	2bge
2bgn	2bgr	2bjm	2bkz	2bmc	2bo4	2bpm	2bpv	2bpy	2bqv
2br8	2brc	2brg	2brh	2brm	2brn	2bro	2bt9	2btr	2bts
2bua	2bub	2buc	2bvd	2bvr	2bvx	2bxt	2bxu	2byh	2byi
2byp	2bys	2bz5	2bz8	2c1a	2c1b	2c1n	2c1q	2c2l	2c3j
2c3k	2c3l	2c4g	2c4v	2c57	2c5n	2c5o	2c5x	2c5y	2c68
2c69	2c6e	2c6i	2c6k	2c6l	2c6m	2c6n	2c6o	2c8w	2c8x
2c8y	2c90	2c93	2c97	2c9b	2c9d	2c9t	2cbj	2cc7	2ccb
2ccs	2cct	2ccu	2ce9	2cej	2ceq	2cer	2ces	2cex	2cf8
2cf9	2cgf	2cgu	2cgv	2cgw	2cgx	2chm	2chw	2chx	2chz
2cia	2ckm	2cle	2clf	2clh	2cli	2clk	2clm	2clv	2clx
2cm8	2cmb	2cmc	2cmf	2cmo	2cn0	2cn8	2cne	2csm	2csn
2ctc	2cvd	2d06	2d0k	2d1x	2d3u	2d3z	2dbl	2drc	2dri
2duv	2dw7	2dwx	2dxs	2e1w	2e2p	2e2r	2e5y	2e7f	2e7l
2e9n	2e9o	2e9u	2e9v	2ea4	2eh8	2epn	2er6	2er9	2erz
2esm	2etk	2etm	2etr	2euf	2evc	2evl	2evm	2evo	2ewb
2ewp	2ewy	2exc	2exg	2exm	2ez5	2ez7	2f01	2f0z	2f10
2f14	2f18	2f1a	2f1b	2f1g	2f2c	2f2h	2f34	2f35	2f3e
2f3f	2f3k	2f4b	2f4j	2f6t	2f6v	2f6y	2f6z	2f70	2f71
2f7i	2f7o	2f7p	2f80	2f81	2f8g	2f8i	2fah	2fai	2fdp
2ff1	2fgh	2fgu	2fgv	2fhy	2fie	2fix	2fjm	2fjn	2fjp
2fky	2fl2	2fl5	2fl6	2fle	2flh	2fmb	2fme	2fo4	2fq6
2fqx	2fqy	2fr3	2fr8	2fsv	2fts	2fum	2fvc	2fw3	2fw6
2fwp	2fwy	2fwz	2fx7	2fxu	2fxv	2fyv	2fzc	2fzg	2fzk
2g01	2g0g	2g0h	2g1q	2g1r	2g1y	2g24	2g2r	2g5u	2g79
2g8r	2g94	2g97	2g9q	2g9r	2g9u	2g9v	2g9x	2gbi	2gc8
2gcd	2gde	2gdo	2gej	2gek	2gfa	2gfd	2gfs	2gg0	2gg2
2gg3	2gg5	2gg7	2gga	2ggb	2ggd	2gh7	2gh9	2ghg	2gj4
2gj5	2gl0	2glm	2glp	2gm9	2gmv	2gmx	2gnf	2gnh	2gni
2gnj	2gnl	2go4	2gpp	2gqn	2gss	2gst	2gtk	2gtv	2gu8
2gvj	2gz2	2gz7	2gz8	2h02	2h03	2h15	2h21	2h23	2h2d
2h2e	2h2g	2h2h	2h2j	2h3e	2h42	2h4g	2h4k	2h5a	2h5e
2h6b	2h6q	2h6t	2h8h	2h96	2h9m	2ha2	2ha3	2ha6	2ha7
2hai	2haw	2hb9	2hd1	2hd6	2hdq	2hdr	2hds	2hdu	2hdx
2hfp	2hhn	2hiw	2hiz	2hj4	2hjb	2hk5	2hmb	2hmv	2hmw
2hnc	2hnx	2hny	2hoc	2hog	2hpa	2hrp	2hs1	2hs2	2hu6
2hug	2hvc	2hvx	2hw2	2hwg	2hwh	2hwi	2hxm	2hxq	2hy0
2hz4	2hzi	2hzl	2hzn	2hzy	2i0a	2i0d	2i0e	2i0g	2i0h
2i0v	2i19	2i1r	2i2b	2i2c	2i3v	2i40	2i4j	2i4t	2i4u
2i4v	2i4w	2i4x	2i4z	2i5j	2i6a	2i6b	2i7c	2i80	2idw
2ieh	2ien	2ieo	2igv	2igw	2igy	2ihj	2ihq	2iit	2iiv
2iko	2iku	2il2	2ilp	2ima	2imb	2in6	2io6	2ioa	2ipo
2iqg	2isc	2isv	2isw	2itk	2ito	2itp	2itt	2ity	2itz
2iu0	2iuz	2iv9	2ivu	2iw6	2iw8	2iw9	2iws	2iwu	2iyf
2izx	2j27	2j2i	2j3q	2j47	2j4a	2j4g	2j4k	2j4z	2j50
2j62	2j6m	2j75	2j77	2j79	2j7b	2j7d	2j7e	2j7f	2j7g
2j7x	2j9h	2j9l	2j9n	2ja3	2jaj	2jb5	2jbk	2jbl	2jbo
2jbp	2jbu	2jc0	2jdl	2jdo	2jds	2jdt	2jdv	2jf4	2jfh
2jfz	2jg0	2jgs	2jiu	2jiw	2jj3	2jjb	2jjk	2jjr	2jk9
2jke	2jkk	2jkm	2jko	2jkq	2jkr	2jkt	2jle	2jnp	2jqi
2jql	2jst	2jup	2jxr	2k1q	2k2r	2kbs	2kce	2kdh	2khh
2kmx	2kup	2l1r	2l6j	2l7u	2l84	2lbv	2lcs	2lh8	2lkk
2lnw	2lo6	2lsv	2ltv	2ltw	2ltx	2ltz	2ly0	2lya	2lyb
2lzg	2m0u	2m0v	2m41	2mas	2mc1	2nm1	2nmy	2nmz	2nnd
2nng	2nnk	2nno	2nnp	2nnq	2nns	2nnv	2no3	2np8	2nq7
2nsj	2nsl	2nsx	2nt7	2nta	2ntf	2nv7	2nw4	2nwl	2nww
2nxl	2o0u	2o1v	2o22	2o2u	2o3p	2o3z	2o48	2o4h	2o4j
2o4k	2o4l	2o4n	2o4p	2o4s	2o4z	2o5d	2o5k	2o63	2o64
2o65	2o7v	2o8h	2o9i	2o9j	2o9k	2o9v	2oa0	2oag	2oah
2oax	2obj	2oei	2of2	2of4	2off	2og8	2ogy	2ogz	2oh0
2oh4	2ohk	2ohl	2ohm	2ohp	2ohq	2ohr	2ohs	2oht	2ohu
2ohv	2oi9	2oic	2oiq	2oj9	2ojf	2ojg	2ojj	2olb	2ole
2on3	2onb	2onc	2oo8	2op9	2oph	2oqi	2oqv	2osf	2ot1
2ov4	2ovv	2ovy	2ow3	2ow6	2ow7	2ow9	2owb	2oxd	2oxn
2oxx	2oxy	2oyk	2oyl	2oym	2oz5	2oz7	2ozr	2p0d	2p2a
2p2h	2p2i	2p33	2p3a	2p3b	2p3c	2p3d	2p3g	2p3i	2p4j
2p4s	2p7a	2p7g	2p7z	2p83	2p8n	2p8s	2p9a	2pax	2pbw
2pcp	2pe0	2pe1	2pe2	2peh	2pem	2pfy	2pg2	2pgj	2pgl
2pgz	2ph8	2ph9	2pix	2piy	2pj1	2pj3	2pj4	2pj6	2pj7
2pj9	2pja	2pjb	2pjc	2pk5	2pk6	2pks	2pl0	2pmc	2pmk
2pmn	2pnc	2poq	2pou	2pov	2pow	2pq9	2pqb	2pqc	2pqj
2pql	2pqz	2prj	2psj	2psu	2psv	2pt9	2pu0	2pu2	2pv1
2pvh	2pvj	2pvk	2pvl	2pvm	2pvn	2pvu	2pvv	2pwc	2pwd
2pwr	2pyi	2pym	2pyn	2pyy	2pzi	2pzy	2q11	2q15	2q1l
2q1q	2q2a	2q2c	2q2z	2q38	2q54	2q55	2q5k	2q63	2q64
2q6c	2q6h	2q70	2q72	2q7m	2q7q	2q7y	2q80	2q88	2q89
2q8g	2q8h	2q8m	2q8s	2q92	2q93	2q94	2q95	2q96	2qbs
2qbu	2qbw	2qc6	2qcd	2qcf	2qcg	2qch	2qci	2qcm	2qd6
2qd7	2qd8	2qd9	2qe2	2qe5	2qf6	2qfo	2qft	2qfu	2qg0
2qg2	2qhc	2qhn	2qhr	2qhy	2qhz	2qi0	2qi1	2qi3	2qi4
2qi5	2qi6	2qi7	2qiq	2qju	2qk5	2qk8	2qlm	2qln	2qm7
2qm9	2qmd	2qmf	2qmg	2qn1	2qn2	2qn3	2qnb	2qnn	2qnp
2qnx	2qo1	2qo8	2qoa	2qoe	2qoh	2qp6	2qp8	2qpq	2qpu
2qrg	2qrh	2qrk	2qrl	2qrm	2qrp	2qrq	2qt5	2qt9	2qtg
2qtn	2qtr	2qtt	2qu3	2qu5	2qu6	2qv7	2qw1	2qwb	2qwc
2qwd	2qwe	2qwf	2qwg	2qyk	2qyl	2qyn	2qzk	2qzl	2qzr
2qzx	2r02	2r03	2r05	2r0u	2r0y	2r0z	2r1w	2r1x	2r1y
2r23	2r2b	2r2m	2r2w	2r38	2r3c	2r3f	2r3h	2r3i	2r3j
2r3k	2r3l	2r3m	2r3n	2r3o	2r3p	2r3t	2r3w	2r43	2r4b
2r58	2r5a	2r5b	2r5q	2r6f	2r6w	2r6y	2r75	2r7b	2r8q
2r9b	2r9s	2r9x	2rc8	2rc9	2rcb	2rcu	2rd6	2reg	2rf2
2rfh	2rg5	2rg6	2rgp	2rgu	2rip	2rjp	2rk7	2rk8	2rka
2rke	2rkf	2rkg	2rkm	2rkn	2rku	2rl5	2rly	2rm0	2rnx
2rr4	2sfp	2sim	2std	2toh	2tsr	2upj	2uue	2uuo	2uup
2uw0	2uw3	2uw4	2uw5	2uw6	2uw7	2uw8	2uwd	2uxi	2uxu
2uxx	2uxz	2uy3	2uy5	2uyi	2uym	2uyq	2uyw	2uz6	2uz9
2uzb	2uze	2uzl	2uzn	2uzo	2uzv	2v0n	2v0z	2v10	2v11
2v12	2v13	2v16	2v22	2v25	2v2c	2v2h	2v2q	2v2v	2v3d
2v3e	2v54	2v57	2v58	2v59	2v5a	2v5x	2v77	2v7d	2v95
2va5	2va6	2va7	2vaq	2vb8	2vba	2vc7	2vc9	2vcb	2vci
2vcj	2vcq	2vcw	2vcx	2vd0	2vd4	2vd7	2vfk	2vgo	2vgp
2vhj	2vhq	2vi5	2vin	2vio	2vip	2viq	2vj1	2vj7	2vj8
2vj9	2vjx	2vk2	2vk6	2vl4	2vle	2vmc	2vmd	2vmf	2vnm
2vnn	2vnt	2vo4	2vpn	2vpo	2vpp	2vqt	2vr4	2vrj	2vrx
2vt3	2vta	2vtd	2vte	2vth	2vti	2vtj	2vtl	2vtm	2vtn
2vto	2vtp	2vtq	2vtr	2vts	2vtt	2vu3	2vuk	2vur	2vv9
2vvo	2vvs	2vvt	2vw1	2vw2	2vwc	2vwu	2vwv	2vwx	2vx0
2vxa	2vxn	2vyt	2w05	2w06	2w0j	2w17	2w1c	2w1d	2w1e
2w1f	2w1g	2w1h	2w1i	2w3l	2w3o	2w4i	2w54	2w5g	2w5i
2w67	2w68	2w6c	2w6m	2w6n	2w6o	2w6p	2w6q	2w6z	2w70
2w71	2w7x	2w7y	2w8f	2w8g	2w8j	2w8w	2w8y	2w92	2w97
2w9h	2wa3	2wa4	2waj	2wb5	2wbb	2wbd	2wc3	2wc4	2wcx
2wd1	2wd3	2wd7	2we3	2web	2wec	2weh	2wei	2wej	2weo
2weq	2wev	2wez	2wf0	2wf1	2wf2	2wf3	2wgj	2wgs	2who
2wi1	2wi2	2wi3	2wi4	2wi5	2wi6	2wi7	2wib	2wih	2wk2
2wk6	2wks	2wky	2wl5	2wly	2wlz	2wm0	2wmr	2wmu	2wmv
2wmw	2wmx	2wnl	2won	2wos	2wot	2wou	2wp1	2wpa	2wpb
2wqb	2wqp	2wr8	2wtc	2wtd	2wti	2wtj	2wtw	2wtx	2wu6
2wu7	2wuf	2wxd	2wxf	2wxg	2wxh	2wxi	2wxj	2wxk	2wxl
2wxm	2wxn	2wxo	2wxp	2wxq	2wxv	2wyi	2wzm	2wzs	2wzy
2x09	2x0y	2x24	2x2k	2x2l	2x2m	2x2r	2x38	2x52	2x5o
2x6d	2x6e	2x6j	2x6k	2x7c	2x7d	2x7o	2x7s	2x7t	2x7x
2x81	2x8d	2x8e	2x8i	2x95	2x97	2x9e	2x9f	2xab	2xae
2xaf	2xaj	2xb7	2xb9	2xbj	2xcg	2xch	2xck	2xcs	2xd6
2xd9	2xda	2xde	2xdk	2xdx	2xel	2xey	2xez	2xf0	2xfi
2xfk	2xg3	2xg5	2xg9	2xgm	2xgo	2xgs	2xhr	2xhs	2xht
2xhx	2xib	2xix	2xiy	2xiz	2xj0	2xj1	2xj2	2xjg	2xjj
2xjx	2xk4	2xk6	2xk7	2xk8	2xk9	2xkc	2xkd	2xke	2xkf
2xm1	2xm2	2xm8	2xm9	2xml	2xmy	2xn3	2xn5	2xn7	2xne
2xng	2xnm	2xnn	2xno	2xnp	2xo8	2xog	2xoi	2xp2	2xp3
2xp4	2xp5	2xp6	2xp7	2xp8	2xpa	2xpb	2xpc	2xpk	2xqq
2xrw	2xsb	2xtk	2xuc	2xui	2xup	2xvd	2xvn	2xwd	2xx2
2xx4	2xxr	2xxt	2xxw	2xxx	2xxy	2xy9	2xyd	2xyr	2xyt
2xzg	2y06	2y07	2y1n	2y1o	2y1w	2y2k	2y3p	2y4k	2y4s
2y54	2y56	2y57	2y58	2y59	2y5f	2y5l	2y67	2y68	2y76
2y7i	2y7k	2y7p	2y7w	2y8c	2y8i	2y8o	2y8q	2ya6	2ya7
2ya8	2yac	2yay	2yb0	2ybp	2ybu	2ych	2ycq	2ycr	2ycs
2yde	2ydf	2ydi	2ydj	2ydk	2ydo	2ydt	2ydv	2ydw	2ye9
2yek	2yel	2yem	2yer	2yex	2yfa	2yfx	2yg2	2yga	2ygf
2ygu	2yhd	2yi0	2yi5	2yi7	2yiq	2yir	2yis	2yiu	2yiv
2yiw	2yix	2yjw	2yjx	2yk1	2yk9	2ykb	2ykc	2yke	2ykj
2yln	2ylo	2ylp	2ylq	2ym3	2ym4	2ym5	2ym6	2ym7	2ym8
2yme	2ymt	2ypi	2ypp	2ywp	2yxj	2yz3	2z1w	2z4o	2z60
2z7r	2z8e	2z92	2z9g	2zas	2zaz	2zb0	2zbk	2zc9	2zcs
2zdt	2zdz	2ze1	2zfp	2zg1	2zg3	2zgx	2zjf	2zjw	2zkj
2zlf	2zm1	2zm3	2zmd	2zmm	2zn7	2zns	2znt	2znu	2zo3
2zof	2zoq	2zpk	2zu4	2zv2	2zv9	2zwz	2zx5	2zx6	2zx7
2zx8	2zx9	2zxa	2zxb	2zxd	2zxg	2zym	2zyn	2zz1	3a29
3a2c	3a2o	3a3y	3a4o	3a4p	3a5y	3a6t	3a73	3abt	3acx
3ad7	3ad8	3ads	3adt	3adu	3adv	3agm	3ah8	3ai8	3aje
3ama	3amb	3anq	3anr	3ans	3ant	3ao2	3ap7	3apc	3aqt
3ara	3arn	3arr	3art	3arw	3arx	3arz	3as1	3as2	3as3
3asx	3at1	3at3	3at4	3atl	3atp	3atu	3atv	3au6	3av9
3ava	3avg	3avj	3avk	3avl	3avz	3ax5	3axk	3axm	3axz
3ay0	3ay9	3aya	3ayd	3b0w	3b24	3b25	3b26	3b28	3b2q
3b2t	3b2w	3b3x	3b4f	3b4p	3b50	3b5j	3b66	3b67	3b78
3b7j	3b7u	3b95	3b9g	3bc4	3bcs	3be2	3be9	3bea	3bel
3bex	3bft	3bfu	3bgl	3bgp	3bgq	3bgs	3bi0	3bi6	3biz
3bjc	3bkk	3bkl	3bl0	3bl1	3bl7	3bl9	3bla	3blr	3blt
3bm6	3bm9	3bmn	3bmy	3bpr	3bqc	3bqn	3br9	3bra	3brn
3bsc	3bt9	3bti	3btj	3bu1	3bug	3buh	3bv3	3bva	3bvb
3bwj	3bx5	3bxe	3bxf	3bxg	3bxs	3bxz	3bym	3bys	3bz3
3c1k	3c1n	3c1x	3c2f	3c2o	3c2r	3c2u	3c39	3c43	3c4f
3c4h	3c5u	3c6t	3c6u	3c79	3c7n	3c7p	3c7q	3c84	3c8e
3cbp	3cbs	3ccb	3ccc	3ccn	3cct	3ccw	3ccz	3cd0	3cd7
3cd8	3cdb	3cde	3ce0	3ce3	3cf1	3cf8	3cf9	3cft	3cgf
3cgo	3chd	3chg	3chp	3chq	3chs	3cib	3cic	3cid	3cj2
3cj3	3cj5	3cjo	3ck7	3ck8	3ckb	3cke	3ckr	3ckt	3ckz
3cl0	3cl2	3clp	3cm2	3cn0	3co9	3coh	3cow	3cp9	3cpb
3cpc	3cph	3cpj	3cqw	3cso	3cth	3ctt	3cvk	3cwe	3cwj
3cwk	3cx9	3cy2	3cyw	3cyx	3cyz	3cz1	3czv	3d04	3d0b
3d14	3d1g	3d1x	3d1y	3d1z	3d20	3d28	3d2e	3d2r	3d2t
3d3p	3d4l	3d4y	3d50	3d51	3d52	3d5m	3d6o	3d6p	3d78
3d7b	3d7h	3d7m	3d7z	3d83	3d8w	3d8y	3d8z	3d91	3d9n
3d9o	3d9p	3d9v	3d9z	3da6	3da9	3daj	3daz	3db6	3db8
3dbd	3dbs	3dbu	3dc2	3dc3	3dcc	3dct	3dcv	3dcw	3ddf
3ddg	3ddp	3ddq	3ddu	3deh	3dei	3dej	3dg8	3dgq	3dhk
3di6	3djo	3djp	3djq	3dk1	3dkf	3dln	3dnd	3dne	3dng
3dnj	3dnt	3dog	3doy	3doz	3dp0	3dp1	3dp2	3dp3	3dp4
3dp9	3dpf	3dpk	3drf	3drg	3dri	3drp	3drr	3drs	3ds6
3dst	3dt1	3dtc	3du8	3dux	3dv5	3dvp	3dwb	3dx0	3dx3
3dx4	3dxh	3dxj	3dxk	3dxm	3dya	3dyo	3dz2	3dzt	3e01
3e12	3e2m	3e3b	3e3c	3e51	3e5u	3e62	3e63	3e64	3e6y
3e7b	3e7o	3e85	3e8n	3e9h	3e9i	3eax	3eb1	3ebb	3ebh
3ebi	3ebl	3ebo	3ecn	3ed0	3ee2	3efj	3efk	3efr	3eft
3efw	3egt	3ehn	3ehx	3eid	3eig	3eio	3ej1	3ejp	3ejq
3ejs	3ejt	3eju	3eka	3ekn	3eko	3ekp	3ekr	3eks	3ekt
3ekv	3ekx	3eky	3el0	3el5	3el7	3el8	3el9	3elc	3elj
3emg	3eml	3eoc	3eos	3eou	3eq7	3eqb	3eql	3eqr	3erk
3ern	3ert	3esj	3ess	3et7	3eta	3evc	3evd	3ew2	3ewh
3ewz	3exo	3eyg	3eyh	3eys	3eyu	3ezr	3ezv	3f07	3f17
3f2a	3f3t	3f3u	3f3v	3f3w	3f48	3f5j	3f5k	3f5l	3f66
3f69	3f6g	3f6h	3f70	3f78	3f7b	3f7u	3f7z	3f81	3f82
3f88	3f8c	3f8f	3f8s	3f8w	3f9n	3faa	3fas	3fat	3fbr
3fc1	3fc2	3fc8	3fcb	3fcf	3fci	3fcl	3fdn	3fee	3feg
3fei	3fej	3ff3	3ff6	3ffp	3fgc	3fh5	3fh7	3fh8	3fhb
3fhe	3fhr	3fi2	3fi3	3fjg	3fjz	3fk1	3fkt	3fl5	3fl8
3fl9	3fmz	3fnu	3fpm	3fq7	3fqh	3fqk	3fql	3fr2	3fr4
3fr5	3frg	3frz	3ft5	3ft8	3ftq	3fts	3ftu	3ftv	3ftw
3fty	3ftz	3fu0	3fu3	3fu5	3fu6	3fud	3fue	3fuf	3fuh
3fui	3fuj	3fuk	3ful	3fum	3fun	3fup	3fvg	3fvk	3fvl
3fvn	3fw3	3fwv	3fx6	3fxb	3fxv	3fxw	3fyj	3fyk	3fz1
3fzr	3fzt	3g0b	3g0e	3g0g	3g15	3g19	3g1d	3g1m	3g2h
3g2i	3g2j	3g2k	3g2l	3g2u	3g2y	3g30	3g32	3g34	3g35
3g3n	3g45	3g4g	3g4i	3g4l	3g58	3g5d	3g5y	3g6g	3g6h
3g6m	3g6z	3g70	3g72	3g86	3g8e	3g8o	3g90	3g9e	3g9l
3g9n	3ga5	3gba	3gbe	3gc4	3gc7	3gcq	3gcs	3gcu	3gcv
3gdt	3gf2	3gfe	3gfw	3ggu	3ggv	3gi4	3gi5	3gi6	3gjd
3gjw	3gk2	3gk4	3gm0	3gn7	3gnv	3gol	3gp0	3gpe	3gpo
3gqo	3gqz	3gs6	3gs7	3gsg	3gsm	3gss	3gst	3gt9	3gtc
3gur	3gus	3guz	3gvb	3gvu	3gws	3gwt	3gwu	3gwv	3gww
3gwx	3gx0	3gxl	3gxt	3gy3	3gy7	3gyn	3gz9	3h0a	3h0b
3h0e	3h0j	3h0q	3h0s	3h0v	3h0w	3h0y	3h0z	3h23	3h2c
3h2n	3h30	3h5b	3h5s	3h6z	3h78	3h98	3h9f	3h9k	3h9o
3ha6	3hab	3hac	3hav	3hb4	3hb8	3hcm	3hdm	3hdn	3hec
3heg	3hek	3hf6	3hf8	3hfb	3hfj	3hfv	3hfz	3hhk	3hhu
3hjo	3hk1	3hkq	3hku	3hkw	3hky	3hl7	3hl8	3hll	3hmm
3hmo	3hmp	3hmv	3hng	3hnz	3ho2	3ho9	3hp2	3hp5	3hp9
3hq5	3hqh	3hqw	3hqy	3hqz	3hr1	3hrb	3hrf	3hs4	3hub
3huc	3hv3	3hv4	3hv5	3hv6	3hv7	3hv8	3hvc	3hw1	3hx3
3hxb	3hxc	3hxd	3hxe	3hzk	3hzm	3hzv	3hzy	3i02	3i0r
3i0s	3i1y	3i28	3i4b	3i4y	3i51	3i5n	3i5z	3i60	3i6c
3i6m	3i6o	3i6z	3i73	3i7b	3i7c	3i7e	3i7g	3i81	3i97
3ia6	3ibi	3ibl	3ibn	3ibu	3idp	3ie3	3iej	3ieo	3ies
3ifl	3ifo	3ifp	3ig6	3igb	3igp	3igv	3ii5	3iiw	3iiy
3ij0	3ijh	3ijy	3ijz	3ik1	3ik3	3ikc	3ikd	3ikg	3il6
3imc	3ime	3img	3imy	3in4	3inf	3inh	3iny	3iob	3ioc
3iod	3ioe	3iok	3ion	3iop	3ip5	3ip6	3ip9	3ipa	3ipb
3ipe	3ipq	3ips	3ipy	3iqj	3iqu	3iqv	3is9	3isj	3iss
3ith	3itu	3itz	3iub	3iuc	3iue	3ivc	3ivh	3ivi	3ivq
3ivv	3ivx	3iw4	3iw5	3iw6	3iw7	3iw8	3jdw	3jpv	3jq7
3jqa	3jqf	3jsi	3jsw	3juk	3jvk	3jwq	3jwr	3jxw	3jy0
3jy9	3jyj	3jzb	3jzc	3jzf	3jzg	3jzh	3jzi	3jzk	3k00
3k05	3k0h	3k0k	3k15	3k16	3k1j	3k22	3k23	3k27	3k2f
3k37	3k39	3k3a	3k3b	3k3g	3k3h	3k3j	3k41	3k4d	3k54
3k5c	3k5d	3k5f	3k5i	3k5k	3k5u	3k5x	3k8c	3k8d	3k8o
3k8q	3k97	3k98	3k99	3kab	3kac	3kad	3kaf	3kag	3kah
3kai	3kb7	3kbz	3kc0	3kc1	3kc3	3kce	3kcf	3kd7	3kdc
3kdd	3kdm	3kdt	3kek	3ken	3kf7	3kfa	3kfc	3kgq	3kgt
3kgu	3khj	3khv	3kig	3kjd	3kjn	3kjq	3kku	3kl8	3kmm
3kmx	3kmy	3kn0	3koo	3kpu	3kpv	3kpw	3kqm	3kqo	3kqp
3kqt	3kqw	3kqy	3kr0	3kr1	3kr2	3kr4	3kr5	3krj	3krl
3krr	3krw	3krx	3kvw	3kwf	3kwj	3kx1	3kxz	3kyr	3kze
3l08	3l0k	3l0n	3l13	3l1n	3l1s	3l38	3l3a	3l3l	3l3m
3l3n	3l4t	3l4u	3l4v	3l4w	3l4x	3l4y	3l4z	3l54	3l58
3l59	3l5b	3l5e	3l5f	3l6h	3l79	3l7a	3l7c	3l7d	3l8s
3l8v	3l8x	3l9h	3l9l	3l9m	3l9n	3lau	3lbj	3lbk	3lbl
3lbz	3lc3	3lc5	3lcd	3lco	3lcu	3lcv	3ldp	3ldq	3ldw
3le8	3lf0	3lfn	3lfs	3lgs	3lhg	3lhj	3lik	3lil	3lir
3liw	3lj3	3ljg	3lk0	3lk1	3lkh	3lkz	3lmk	3lmp	3lnk
3loo	3lpb	3lpg	3lpj	3lpk	3lpp	3lq5	3ls4	3luo	3lvp
3lvw	3lw0	3lxg	3lxk	3lxl	3lxo	3ly2	3lzb	3lzs	3lzu
3m11	3m2u	3m3x	3m3z	3m40	3m5e	3m67	3m6f	3m8p	3m8u
3m96	3m9f	3ma3	3mam	3mb6	3mb7	3mct	3mdz	3mf5	3mfw
3mhc	3mhi	3mhl	3mhm	3mho	3mhw	3mi2	3mi3	3mj1	3mj2
3mjl	3mkn	3mks	3ml2	3ml5	3mlb	3mmf	3mna	3mo2	3mo5
3mof	3moh	3mp1	3mp6	3mpt	3mqf	3mrt	3mrv	3mrx	3ms2
3ms4	3ms7	3ms9	3msc	3msj	3msk	3msl	3mt7	3mt8	3mt9
3mta	3mtb	3mtd	3muf	3muk	3muz	3mv5	3mvj	3mvl	3mvm
3mw1	3mwe	3mwu	3mww	3mxc	3mxd	3mxe	3mxf	3mxy	3my1
3my5	3myq	3mz3	3mzc	3n0h	3n0n	3n1c	3n1v	3n1w	3n2e
3n2p	3n35	3n3g	3n3j	3n3l	3n49	3n4b	3n4l	3n51	3n5h
3n5j	3n5k	3n7r	3n87	3n8k	3n8n	3n9r	3nal	3nam	3nb5
3nc4	3nc9	3ncg	3ncz	3ndm	3nee	3nef	3neg	3neo	3nes
3new	3nex	3nf6	3nf7	3nf9	3nfl	3ng4	3nga	3nhi	3nht
3ni5	3nif	3nim	3nin	3nlb	3nm6	3nmq	3nnu	3nnv	3nnw
3nnx	3nox	3np7	3np9	3npa	3nq3	3nrm	3nrz	3ns9	3nsh
3nsq	3ntp	3nu3	3nu4	3nu5	3nu6	3nu9	3nuj	3nuo	3nus
3nuu	3nuy	3nw3	3nw5	3nw6	3nw7	3nww	3nxq	3nyd	3nyn
3nyx	3nzc	3nzs	3nzu	3o2m	3o4k	3o56	3o57	3o5x	3o75
3o84	3o8g	3o8h	3o8p	3o95	3o96	3o99	3o9a	3o9b	3o9c
3o9d	3o9e	3o9f	3o9g	3o9p	3oad	3oag	3oaw	3oay	3ob0
3obq	3obx	3oc0	3ocg	3ocp	3odk	3odu	3oe6	3oe9	3ogm
3ogp	3ogq	3ohf	3ohh	3ohi	3oik	3oil	3oim	3ok9	3oka
3okh	3oki	3okp	3oku	3okv	3olf	3omm	3oob	3oof	3ook
3oot	3ooz	3opm	3oq5	3oqf	3oqk	3osi	3osw	3ot3	3ot8
3otf	3otq	3ov1	3ove	3ovz	3ow3	3ow6	3owb	3owd	3owj
3owk	3owl	3oxi	3oy0	3oy1	3oy3	3oyl	3oyn	3oyq	3oys
3ozj	3ozp	3ozr	3p0g	3p17	3p1d	3p23	3p2e	3p2h	3p3g
3p3r	3p3t	3p3u	3p44	3p4q	3p4r	3p4v	3p4w	3p50	3p55
3p58	3p5k	3p79	3p7a	3p7c	3p7i	3p8h	3p8n	3p8o	3p8z
3p9j	3pa3	3pa4	3pa5	3pax	3pb3	3pb9	3pbb	3pd8	3pd9
3pdc	3pe1	3pe2	3peq	3pgu	3phe	3pi5	3pix	3pj1	3pj8
3pjc	3pjt	3pju	3pm1	3po1	3poa	3poz	3pp0	3pp1	3pp7
3ppj	3ppk	3ppm	3ppo	3ppp	3ppq	3ppr	3pqz	3prf	3prz
3ps1	3ps6	3psb	3psl	3pty	3pvu	3pvw	3pwd	3pwh	3pwk
3pxe	3pxy	3pxz	3py0	3py1	3q0z	3q1x	3q2j	3q32	3q3b
3q3t	3q43	3q44	3q4j	3q6k	3q6w	3q6z	3q71	3q7j	3q8d
3q92	3q96	3qa2	3qaa	3qai	3qak	3qaq	3qar	3qbh	3qbn
3qc4	3qc9	3qce	3qcf	3qch	3qci	3qcj	3qcl	3qcq	3qcs
3qcx	3qcy	3qd0	3qdd	3qel	3qem	3qfv	3qfy	3qfz	3qg6
3qgw	3qi1	3qi3	3qi4	3qiy	3qiz	3qj0	3qj9	3qk0	3qk5
3qkd	3qkl	3qnd	3qo3	3qo9	3qox	3qpn	3qpo	3qpp	3qps
3qqa	3qqk	3qqu	3qrk	3qs1	3qs4	3qs5	3qs6	3qs8	3qsb
3qt6	3qt7	3qtf	3qti	3qtq	3qtr	3qts	3qtu	3qtw	3qtx
3qtz	3qu0	3que	3qup	3qvu	3qvv	3qx9	3qxm	3qxp	3qzt
3qzv	3r00	3r01	3r02	3r0t	3r0w	3r0y	3r16	3r17	3r1v
3r21	3r22	3r2a	3r2f	3r2y	3r42	3r4m	3r4n	3r4o	3r4p
3r5j	3r5n	3r5t	3r6c	3r6g	3r6u	3r7b	3r7n	3r7o	3r7q
3r7r	3r8i	3r8u	3r8v	3r8z	3r91	3r92	3r9d	3r9n	3rah
3rak	3ral	3rcd	3rcj	3rde	3rdv	3rey	3rhx	3ri1	3rik
3ril	3rin	3rjc	3rjw	3rk7	3rk9	3rl7	3rl8	3rlp	3rlq
3rm4	3rm8	3rme	3rmf	3rni	3ro4	3roc	3rpr	3rpv	3rpy
3rq7	3rse	3rsr	3rsv	3rt6	3rt8	3rtf	3rth	3rti	3rtm
3rtn	3rtp	3ru1	3rup	3rv3	3rv4	3rv6	3rv7	3rv8	3rv9
3rvg	3rw9	3rwp	3rwq	3rx5	3rx7	3rx8	3rxe	3ry8	3ryv
3ryx	3ryy	3ryz	3rz0	3rz1	3rz3	3rz5	3rz7	3rz8	3rzb
3rzi	3s00	3s0b	3s0d	3s0e	3s0j	3s0o	3s1g	3s1h	3s1y
3s2a	3s2o	3s2p	3s2v	3s3i	3s3k	3s3q	3s3r	3s3v	3s43
3s45	3s4q	3s53	3s54	3s5y	3s6t	3s71	3s72	3s73	3s74
3s75	3s76	3s77	3s78	3s7a	3s7b	3s7f	3s7l	3s7m	3s8l
3s8n	3s8o	3s9e	3s9t	3sap	3sax	3saz	3sbh	3sbi	3sc1
3sd5	3sfc	3sff	3sfg	3sfh	3sfi	3sgx	3sh0	3sh1	3sha
3shc	3shv	3shy	3shz	3sie	3sio	3sk2	3ska	3ske	3skf
3skg	3skh	3sl4	3sl5	3sl8	3sm0	3sm2	3smq	3sn7	3sni
3snl	3so9	3soq	3sov	3spf	3spk	3sqq	3sr4	3srb	3src
3srv	3st5	3st6	3su0	3su1	3su2	3su3	3su4	3su5	3sud
3sue	3suf	3sug	3sur	3sus	3sut	3suu	3suv	3suw	3sv2
3sw9	3sww	3sx4	3sx9	3sxf	3sxu	3sym	3sz1	3szm	3t01
3t03	3t07	3t0t	3t19	3t1a	3t1l	3t1m	3t1n	3t2q	3t2t
3t2w	3t3c	3t3d	3t3e	3t3g	3t3h	3t3i	3t3u	3t3v	3t4n
3t5i	3t5u	3t60	3t64	3t6b	3t6j	3t6y	3t70	3t82	3t83
3t84	3t85	3tao	3tay	3tb6	3tc5	3tcg	3tcp	3tct	3tcy
3td4	3tdh	3tdj	3te5	3tf6	3tfu	3tfv	3tge	3tgs	3thb
3thd	3ti1	3ti3	3ti4	3ti5	3ti6	3ti8	3tia	3tib	3tic
3tif	3tiy	3tjc	3tkh	3tki	3tkm	3tku	3tkw	3tkz	3tl5
3tll	3tn8	3tne	3tnh	3tpp	3tpr	3ts4	3tt0	3tti	3ttj
3ttm	3ttn	3ttp	3ttz	3tu1	3tu7	3tu9	3tv4	3tv5	3tv6
3tv7	3tv8	3tvw	3tvx	3twd	3twj	3txo	3ty0	3tyv	3tz0
3tz2	3tz4	3tza	3u10	3u15	3u2k	3u3u	3u3z	3u4o	3u4u
3u4w	3u5l	3u6a	3u6h	3u6i	3u6j	3u6w	3u78	3u7s	3u81
3u8j	3u8l	3u8m	3u8w	3u90	3u92	3u93	3u9c	3u9n	3ua8
3ua9	3ubd	3ubx	3udd	3udj	3udk	3udm	3udn	3udp	3udq
3udr	3udy	3uec	3ug2	3uh4	3uhm	3uil	3uix	3uj9	3ujb
3ujc	3ujd	3ukr	3uli	3umo	3ump	3umq	3umw	3unj	3unn
3unz	3uo5	3uod	3uoh	3uok	3uol	3uph	3upi	3upx	3upz
3uqf	3uqg	3ur0	3usx	3uu1	3uug	3uvl	3uvn	3uvp	3uvq
3uvx	3uwl	3uwo	3ux0	3uxm	3uyt	3uz5	3uza	3uzc	3uzj
3uzp	3v01	3v0l	3v0p	3v3l	3v3m	3v3v	3v49	3v51	3v5g
3v5j	3v5l	3v5p	3v5q	3v5t	3v78	3v7c	3v7x	3v8s	3v8t
3v8w	3vbg	3vbq	3vbt	3vbv	3vbw	3vbx	3vby	3vc4	3vd7
3veh	3veu	3vf3	3vf5	3vf8	3vf9	3vfa	3vfb	3vfq	3vg1
3vha	3vhc	3vhe	3vhk	3vi2	3vi5	3vi7	3vid	3vjc	3vje
3vnt	3vo3	3voz	3vp1	3vp2	3vp3	3vp4	3vqh	3vqu	3vrt
3vru	3vrv	3vrw	3vry	3vs3	3vsw	3vsx	3vtc	3vtd	3vtr
3vv6	3vv7	3vv8	3vva	3vvy	3vvz	3vw0	3vw6	3vw7	3vws
3vx3	3vyd	3vye	3vzd	3vzg	3vzv	3w0l	3w1f	3w2o	3w2r
3w2s	3w32	3w33	3w54	3w55	3w5e	3w5n	3w9r	3wab	3wav
3waw	3wb4	3wb5	3wbl	3wc7	3wd1	3wd2	3wd9	3wf5	3wf6
3wf7	3wf9	3wff	3wfg	3wgw	3wha	3wi2	3wig	3wix	3wiy
3wiz	3wjw	3wk4	3wk5	3wk6	3wk7	3wk8	3wk9	3wkb	3wkc
3wkd	3wke	3wmb	3wpn	3wq6	3wqh	3wqm	3ws8	3ws9	3wt5
3wt7	3wtn	3wyk	3wym	3wyx	3wyy	3wz6	3wz7	3wzj	3wzk
3zbf	3zbx	3zc5	3zc6	3zcl	3zcw	3zdh	3zep	3zhf	3zhz
3zi0	3zi8	3zj8	3zk6	3zki	3zlk	3zll	3zln	3zlo	3zlq
3zlr	3zls	3zlx	3zly	3zm4	3zm5	3zm6	3zm9	3zmg	3zmm
3zmq	3zmt	3zmu	3zmv	3zmz	3zn0	3zn1	3znr	3zo1	3zo2
3zo4	3zos	3zov	3zpq	3zpr	3zpt	3zpu	3zqe	3zqt	3zrk
3zrl	3zrm	3zs0	3zs1	3zsq	3zst	3zsw	3zsy	3zsz	3zt1
3zt3	3zt4	3ztc	3ztd	3ztx	3zv7	3zvv	3zw3	3zxe	3zxz
3zya	3zyb	3zyu	3zze	3zzf	3zzh	4a16	4a22	4a23	4a4l
4a4o	4a4q	4a4v	4a4w	4a4x	4a50	4a6v	4a6w	4a7b	4a7c
4a9i	4a9m	4a9n	4a9r	4a9s	4a9t	4a9u	4aa0	4aa4	4aa5
4aac	4aaw	4abf	4abk	4ac3	4acc	4acd	4acg	4ach	4aci
4acm	4acu	4acx	4ael	4af3	4afe	4afg	4afh	4afj	4aft
4ag8	4agc	4agd	4agm	4ago	4ah9	4ahu	4ahv	4ai5	4aia
4aif	4aj1	4aj2	4aj4	4aje	4aji	4ajk	4ajl	4ajn	4ajo
4akn	4al4	4alg	4alu	4alv	4alw	4alx	4amw	4an2	4an3
4an9	4anb	4anm	4anu	4anw	4aoi	4ap7	4apo	4app	4apr
4aq3	4aq4	4aqc	4ara	4arb	4ark	4arw	4as9	4asd	4ase
4asj	4asy	4at3	4at4	4at5	4au8	4aua	4avu	4avw	4aw5
4awi	4awj	4axa	4axd	4ay5	4ay6	4ayt	4ayv	4ayw	4ayx
4az2	4az5	4az6	4azb	4azc	4aze	4azf	4azg	4azi	4azy
4b00	4b05	4b0b	4b0c	4b0g	4b0j	4b11	4b12	4b13	4b14
4b1c	4b1d	4b1j	4b2d	4b2i	4b2l	4b32	4b33	4b34	4b35
4b3b	4b3c	4b3d	4b3u	4b4g	4b4m	4b5b	4b5d	4b6c	4b6e
4b6f	4b6o	4b6p	4b6q	4b6r	4b6s	4b70	4b71	4b72	4b73
4b74	4b76	4b77	4b78	4b7j	4b7n	4b7p	4b7q	4b7r	4b7z
4b82	4b83	4b84	4b85	4b8p	4b9k	4ba3	4bak	4bam	4ban
4baq	4bb2	4bb4	4bb9	4bbe	4bbf	4bbg	4bbh	4bc5	4bcd
4bcf	4bcg	4bch	4bci	4bcj	4bck	4bcm	4bcn	4bco	4bcp
4bcq	4bcs	4bcw	4bda	4bdb	4bdd	4bde	4bdf	4bdg	4bdh
4bdi	4bdj	4bdk	4bds	4bdt	4bek	4bf1	4bf6	4bfd	4bfp
4bfr	4bfy	4bfz	4bg6	4bgg	4bgh	4bgm	4bgx	4bgy	4bh3
4bh4	4bhn	4bhz	4bi0	4bi1	4bi2	4bi7	4bib	4bic	4bid
4bie	4bio	4bj8	4bj9	4bjb	4bjc	4bjx	4bkj	4bks	4bkz
4blb	4bnt	4bnu	4bnv	4bnx	4bny	4bnz	4bo0	4bo1	4bo3
4bo4	4bo5	4bo7	4bo8	4bo9	4bqg	4bqh	4bqs	4bqt	4brx
4bs0	4bs4	4bt9	4btb	4btk	4btl	4btm	4btw	4btx	4bty
4bup	4bvb	4bw1	4bw2	4bw3	4bw4	4bxk	4byi	4bzn	4bzo
4bzr	4bzs	4c1d	4c1e	4c1m	4c1t	4c1u	4c1w	4c1y	4c2v
4c35	4c36	4c37	4c38	4c4e	4c4f	4c4g	4c4h	4c4i	4c4j
4c52	4c5d	4c61	4c66	4c68	4c6z	4c70	4c72	4c73	4c7t
4c94	4c9w	4c9x	4ca5	4ca8	4cc5	4cc6	4cc7	4cd0	4cd1
4cd5	4cdr	4ce1	4ce2	4ce3	4ceb	4cfl	4cfm	4cft	4cfu
4cfv	4cfw	4cfx	4cgi	4cgj	4ch8	4ci1	4ci2	4ci3	4cix
4ciz	4cj4	4cjn	4cjp	4cjq	4cjr	4ck3	4cki	4ckj	4ckr
4cku	4cl9	4clb	4cli	4clj	4clp	4clz	4cmo	4cmt	4cmu
4cnh	4cp7	4cps	4cpt	4cpx	4cpy	4cpz	4cqf	4cqg	4cr5
4crd	4csd	4csj	4ctj	4ctk	4cts	4cu1	4cu7	4cu8	4cwf
4cwn	4cwo	4cwp	4cwq	4cwr	4cws	4cwt	4cxw	4cxx	4d0w
4d0x	4d1a	4d1b	4d1c	4d1d	4d1j	4d1s	4d1y	4d2d	4d2p
4d2r	4d2s	4d2t	4d2v	4d2w	4d83	4d85	4d88	4d89	4d8a
4d8c	4d8s	4d8z	4da5	4daf	4db7	4dbm	4dbn	4dce	4dcs
4dcv	4ddl	4ddm	4dds	4ddy	4de0	4de5	4de7	4dea	4deg
4deh	4dei	4del	4der	4des	4det	4deu	4dew	4dff	4dfg
4dfu	4dgb	4dgg	4dgm	4dgn	4dgr	4dij	4dj7	4djo	4djp
4djq	4djr	4dju	4djw	4djx	4djy	4dk5	4dk7	4dlj	4dma
4dmn	4dmw	4do3	4do4	4do5	4dpf	4dpi	4dpt	4dpu	4dpy
4dq2	4drk	4drm	4drn	4dru	4dst	4dsu	4dtk	4dtt	4du8
4duh	4dus	4dve	4dwk	4dxg	4dy6	4dzw	4dzy	4e0w	4e0x
4e1e	4e1k	4e20	4e26	4e28	4e35	4e3d	4e3f	4e3g	4e3h
4e49	4e4a	4e4l	4e4n	4e4x	4e5d	4e6c	4e6d	4e70	4e7r
4e8w	4e8y	4e8z	4e96	4e9u	4ea1	4ebv	4ebw	4ec0	4edy
4edz	4ee0	4eeh	4eev	4ef4	4ef6	4efk	4eft	4efu	4eg4
4eg5	4eg6	4eg7	4ega	4egh	4egi	4egk	4eh2	4eh3	4eh4
4eh5	4eh6	4eh7	4eh9	4ehe	4ehg	4ehv	4ehz	4ei4	4ej8
4ejl	4ejn	4ek9	4eke	4ekg	4elb	4ele	4elf	4elg	4elh
4em7	4emt	4en4	4enx	4eny	4eo4	4eo6	4eoh	4eoi	4eok
4eol	4eon	4eop	4eos	4ep2	4epy	4eqc	4ere	4erk	4erw
4etz	4eu0	4eu3	4euc	4euo	4euv	4ewh	4ewn	4exg	4exh
4eym	4ez3	4ez5	4ezj	4ezk	4ezl	4ezw	4ezx	4ezy	4ezz
4f08	4f1l	4f1s	4f3k	4f5y	4f63	4f64	4f6s	4f6u	4f6w
4f70	4f7j	4f7n	4f8h	4f8j	4f9g	4f9u	4f9y	4fab	4fai
4fbe	4fbx	4fc0	4fcb	4fcd	4fcq	4fcr	4fem	4feq	4few
4ff8	4fgz	4fhh	4fhi	4fht	4fic	4fjz	4fkk	4fl1	4flh
4flp	4fm7	4fm8	4fmn	4fmo	4fmq	4fn5	4fns	4fny	4fnz
4fob	4foc	4fod	4fpf	4fpk	4fr3	4fri	4frj	4frk	4frs
4fs3	4fs4	4fse	4fsl	4fut	4fxf	4fxj	4fxp	4fxq	4fxz
4fys	4fz3	4fz6	4fzj	4g0l	4g0y	4g11	4g16	4g17	4g19
4g1f	4g2f	4g2j	4g2l	4g2r	4g2w	4g2y	4g31	4g34	4g3f
4g3g	4g4p	4g55	4g5f	4g5y	4g69	4g8m	4g8n	4g8r	4g8v
4g8y	4g90	4g9c	4gah	4gao	4gb9	4gbd	4gby	4gbz	4gcj
4ge1	4ge2	4ge4	4ge7	4gfd	4gfo	4gg5	4gg7	4ggl	4ggz
4gh6	4ghi	4gih	4giu	4gj2	4gj3	4gj6	4gj8	4gj9	4gja
4gjb	4gjc	4gjd	4gk2	4gk3	4gk4	4gkh	4gki	4glw	4glx
4gm3	4gm8	4gmc	4gmy	4gne	4gny	4gpk	4gq4	4gq6	4gql
4gqq	4gqr	4gs8	4gs9	4gsc	4gsy	4gts	4gtv	4gu6	4gue
4gui	4guj	4gvm	4gw1	4gw5	4gw6	4gw8	4gwi	4gwk	4gxl
4gxs	4gz3	4gzp	4gzt	4gzw	4gzx	4h1m	4h36	4h39	4h3b
4h3i	4h3q	4h42	4h4b	4h4d	4h4e	4h4m	4h58	4h5e	4h71
4h75	4h7q	4h81	4h85	4ha5	4hai	4hbm	4hbn	4hbv	4hbw
4hby	4hco	4hcz	4hdb	4hdc	4hdf	4hdp	4he9	4heg	4hej
4heu	4hf4	4hfz	4hg7	4hgs	4hgt	4hhy	4hhz	4hiq	4his
4hj2	4hki	4hkk	4hkn	4hkp	4hl5	4hla	4hlc	4hld	4hlf
4hlg	4hlh	4hlk	4hlm	4hlw	4hmh	4hmk	4hnf	4hni	4hnn
4hod	4hp0	4hpi	4hra	4hs8	4hso	4ht0	4ht2	4ht6	4htp
4htx	4hu1	4hva	4hvd	4hvg	4hvh	4hvi	4hvs	4hw2	4hw3
4hw7	4hwb	4hwp	4hwr	4hxj	4hxl	4hxm	4hxr	4hxs	4hxw
4hxz	4hy1	4hy9	4hyb	4hyf	4hyh	4hyi	4hym	4hys	4hyu
4hzm	4hzt	4hzw	4hzx	4hzz	4i0d	4i0f	4i0s	4i0t	4i0z
4i10	4i11	4i12	4i1c	4i47	4i4e	4i4f	4i54	4i5c	4i5h
4i5m	4i5p	4i6b	4i6f	4i6h	4i72	4i7f	4i7j	4i7k	4i7l
4i7m	4i7p	4i80	4i8n	4i8w	4i8x	4i8z	4i9c	4i9h	4i9i
4i9u	4i9z	4ib5	4ibb	4ibc	4ibd	4ibe	4ibf	4ibg	4ibi
4ibj	4ibk	4ibm	4idn	4ido	4idt	4idv	4idz	4ie0	4ie4
4ie6	4ie7	4ifh	4ifi	4igk	4igr	4igt	4iho	4iic	4iid
4iie	4iif	4ij1	4ijh	4ijl	4ijp	4ikn	4ikr	4ikt	4im0
4inb	4io2	4io3	4io4	4io5	4io6	4io7	4io8	4ipf	4ipn
4iq6	4iqt	4iqu	4irx	4is6	4isu	4ith	4iti	4itj	4iue
4iuo	4iur	4iut	4iuu	4iuv	4iva	4ivk	4ivs	4ivt	4iwd
4iz0	4izm	4izy	4j04	4j06	4j08	4j09	4j0a	4j0p	4j0r
4j0s	4j0t	4j0v	4j0y	4j0z	4j17	4j1c	4j1e	4j1f	4j1h
4j1i	4j1k	4j22	4j26	4j2c	4j2t	4j3d	4j3e	4j3j	4j3m
4j4n	4j4o	4j4v	4j51	4j52	4j53	4j6i	4j73	4j74	4j77
4j78	4j79	4j7d	4j7e	4j7i	4j81	4j82	4j84	4j86	4j8b
4j8g	4j8m	4j8r	4j93	4jaj	4jal	4jaz	4jbo	4jbp	4jck
4jfd	4jfe	4jff	4jfi	4jfj	4jfk	4jfl	4jfm	4jft	4jfx
4jfz	4jg0	4jg6	4jh0	4jhz	4jib	4jik	4jin	4jj7	4jje
4jjm	4jjs	4jju	4jkt	4jkw	4jlg	4jlh	4jlj	4jlm	4jln
4jls	4jmg	4jmu	4jn4	4jnc	4jnj	4jnm	4joe	4jof	4jog
4joh	4joj	4jok	4joo	4jp9	4jpe	4jps	4jpx	4jpy	4jq7
4jq8	4jql	4jr0	4jr3	4jr5	4jrg	4jrv	4jsa	4jsc	4jsr
4jt8	4jt9	4ju3	4ju4	4ju6	4ju7	4jv6	4jv7	4jv8	4jv9
4jvb	4jvq	4jx7	4jx9	4jxv	4jxw	4jyb	4jyc	4jym	4k0o
4k0y	4k1b	4k2f	4k2g	4k3h	4k3k	4k3l	4k3m	4k3n	4k3o
4k3p	4k3q	4k3r	4k42	4k43	4k4f	4k4j	4k55	4k5l	4k5n
4k5o	4k5y	4k63	4k64	4k66	4k67	4k6i	4k6y	4k6z	4k72
4k76	4k7i	4k7n	4k7o	4k8a	4k8o	4k8s	4k9h	4k9y	4kab
4kai	4kb8	4kb9	4kbc	4kbi	4kbk	4kcg	4ke0	4ke1	4keq
4kfp	4kin	4kip	4kiq	4kiu	4kiw	4klb	4klv	4km0	4km2
4kmd	4kmu	4kn0	4kn1	4knb	4kni	4knj	4knn	4knr	4knx
4kod	4kom	4kon	4kot	4kov	4kow	4kox	4kp5	4kp6	4kp8
4kpx	4kpz	4kql	4kqp	4kqq	4kqr	4krs	4ks1	4ks2	4ks3
4ks4	4ks5	4ksq	4ksy	4ktc	4kup	4kva	4kvm	4kwf	4kwg
4kwp	4kww	4kxb	4kxn	4kz0	4kz3	4kz4	4kz5	4kz7	4kz8
4kza	4kzb	4kzc	4kzl	4l02	4l09	4l0b	4l0i	4l0s	4l0t
4l0v	4l10	4l1a	4l1u	4l23	4l2f	4l2g	4l2k	4l2l	4l31
4l32	4l33	4l34	4l3p	4l4m	4l4v	4l4z	4l50	4l51	4l52
4l53	4l5j	4l6s	4l70	4l7b	4l7c	4l7d	4l7f	4l7g	4l7h
4l7j	4l7l	4l7n	4l7o	4l7r	4l7u	4l8m	4l9i	4la7	4lbl
4lbo	4lbu	4lch	4led	4leq	4lgg	4lgh	4lh2	4lh3	4lh6
4lh7	4lhm	4li6	4lj5	4lj8	4lkg	4lkh	4lkj	4lkk	4lko
4ll3	4llj	4llk	4llp	4lm0	4lm1	4lm2	4lm3	4lm4	4lm5
4lmn	4lmu	4ln2	4lnb	4lnf	4lng	4lno	4lnp	4lnw	4loh
4loi	4loo	4lop	4loq	4loy	4lp0	4lp9	4lpb	4lpg	4lph
4lq3	4lq9	4lrr	4lsj	4lte	4lts	4luo	4luv	4luz	4lv4
4lvt	4lw1	4lwc	4lwe	4lwh	4lwt	4lwu	4lwv	4lww	4lxb
4lxd	4ly9	4lys	4lyw	4lzr	4m0e	4m0f	4m0r	4m1d	4m2r
4m2v	4m2w	4m3d	4m3e	4m3g	4m3m	4m3q	4m48	4m5g	4m5i
4m5j	4m5k	4m5l	4m6p	4m6q	4m7j	4m84	4m8e	4m8h	4m8x
4m8y	4man	4mbc	4mbi	4mbj	4mbl	4mc1	4mc2	4mc6	4mc9
4mcb	4mcc	4mcd	4mcv	4md6	4mdn	4mdq	4mdr	4mds	4mdt
4men	4meo	4mep	4meq	4mf0	4mf1	4mg6	4mg7	4mg8	4mg9
4mga	4mgb	4mgc	4mgv	4mh7	4mha	4mho	4mhs	4mhy	4mhz
4mi3	4mi6	4mi9	4mib	4mic	4mji	4mjo	4mjp	4mjq	4mjr
4mk0	4mk7	4mk8	4mk9	4mka	4mlx	4mm4	4mm5	4mm6	4mm7
4mm8	4mm9	4mma	4mmf	4mmm	4mmp	4mnp	4mo4	4mo8	4mot
4mp2	4mp7	4mpc	4mpn	4mq1	4mq2	4mq6	4mqp	4mqu	4mr3
4mr4	4mr5	4mr6	4mra	4mre	4mrf	4mrg	4mrh	4mro	4mrw
4mrz	4ms0	4msa	4msc	4msg	4msk	4msl	4msn	4msu	4mt9
4mti	4mue	4muf	4muk	4mul	4muw	4mvh	4mvw	4mvx	4mvy
4mw0	4mw1	4mw2	4mw4	4mw5	4mw6	4mw7	4mw9	4mwc	4mwe
4mwq	4mwr	4mwu	4mwv	4mww	4mwx	4mwy	4mx0	4mx9	4mxa
4mxc	4myd	4myh	4myq	4mz4	4mz5	4mz6	4mzh	4n00	4n07
4n1b	4n1u	4n3r	4n3w	4n4t	4n4v	4n5d	4n6g	4n6y	4n6z
4n70	4n7e	4n7h	4n7j	4n7m	4n8d	4n8e	4n8q	4n98	4n99
4n9a	4n9b	4n9c	4n9d	4n9e	4na4	4na7	4na8	4nah	4nat
4nb6	4nbk	4ncg	4ncm	4ncn	4nct	4ndu	4ngm	4ngn	4nh7
4nh8	4nh9	4nhx	4nie	4nj3	4njd	4nka	4nks	4nku	4nl1
4nld	4nmo	4nmp	4nmq	4nmr	4nms	4nmt	4nmv	4nnr	4np3
4np9	4nra	4nrb	4nrc	4nrk	4nrl	4nrm	4nrt	4nru	4ntj
4nuc	4nud	4nue	4nus	4nvp	4nw5	4nw6	4nwc	4nwd	4nxu
4nxv	4ny3	4nyf	4nyi	4nyj	4nym	4o04	4o05	4o07	4o09
4o0a	4o0b	4o0r	4o0t	4o0v	4o0x	4o0y	4o0z	4o10	4o12
4o13	4o15	4o1b	4o1d	4o1l	4o24	4o28	4o2a	4o2b	4o2c
4o2e	4o2f	4o2p	4o37	4o3a	4o3b	4o3c	4o3f	4o42	4o43
4o44	4o45	4o4r	4o4y	4o5g	4o6e	4o70	4o71	4o72	4o74
4o75	4o76	4o77	4o7a	4o7b	4o7c	4o7e	4o7f	4o97	4o9s
4oag	4oar	4obo	4obp	4obq	4oc0	4oc2	4ocq	4ocx	4ocz
4od0	4od7	4odf	4oew	4oex	4og3	4og4	4og5	4og6	4og7
4og8	4ogi	4ogn	4ogt	4ohk	4ohm	4ohp	4ojq	4ojr	4ok3
4ok5	4ok6	4okg	4okp	4oks	4olc	4old	4olh	4oma	4omj
4omk	4ona	4onf	4ono	4oow	4op1	4op2	4op3	4oq5	4oq6
4or0	4otg	4oth	4oty	4oue	4ov5	4ovf	4ovg	4ovh	4ow0
4own	4owo	4owv	4oya	4oyb	4oyi	4oyk	4oym	4oyo	4oyp
4oys	4oyt	4oz1	4oz2	4oz3	4ozo	4p00	4p02	4p0a	4p0n
4p0v	4p0x	4p1r	4p1u	4p2t	4p3h	4p45	4p4b	4p4i	4p4s
4p4t	4p58	4p5d	4p5e	4p5z	4p6e	4p6g	4p6w	4p6x	4p72
4p73	4p74	4p75	4p7e	4pax	4pb1	4pb2	4pce	4pci	4pct
4pd5	4pd6	4pd7	4pd8	4pd9	4pda	4pde	4pee	4pf3	4pft
4pfu	4pg3	4ph4	4phu	4phv	4phw	4pin	4pio	4pjt	4pkt
4pku	4pkw	4pl0	4pm0	4pml	4pmm	4pmp	4pms	4pmt	4pn1
4pni	4pnk	4pnl	4pnm	4pnn	4pnq	4pnr	4pns	4pnt	4pnu
4pnw	4po0	4poh	4poj	4pow	4pox	4pp0	4pp3	4pp5	4pp9
4ppa	4ppb	4ppc	4pqn	4pra	4prg	4pri	4prj	4prn	4ps3
4ps5	4ps7	4ps8	4psb	4psh	4psq	4psx	4pte	4ptg	4puj
4puk	4pul	4pum	4puz	4pv0	4pv7	4pvo	4pvt	4pvv	4pxf
4py1	4py2	4pyn	4pyo	4pyq	4pyv	4pyx	4pyy	4pz8	4pzh
4pzv	4pzw	4pzx	4q08	4q0a	4q0k	4q15	4q18	4q19	4q1e
4q1f	4q1n	4q4e	4q4o	4q4p	4q4q	4q4r	4q6d	4q6e	4q6r
4q7p	4q7s	4q7v	4q7w	4q81	4q83	4q87	4q8x	4q8y	4q90
4q93	4q99	4q9m	4q9o	4q9s	4q9y	4q9z	4qaa	4qab	4qag
4qdk	4qfg	4qfr	4qfs	4qg7	4qga	4qge	4qgf	4qgg	4qgh
4qht	4qij	4qiz	4qj0	4qjm	4qjp	4qjx	4ql8	4qmm	4qmn
4qmo	4qmp	4qmq	4qms	4qmt	4qmu	4qmw	4qmx	4qmy	4qmz
4qn7	4qna	4qnu	4qo4	4qp1	4qp9	4qpd	4qq5	4qr4	4qrc
4qsh	4qsm	4qsu	4qsv	4qsw	4qsx	4qt0	4qta	4qtb	4qtc
4qtl	4qtn	4qxo	4qxq	4qxr	4qxs	4qye	4qyg	4qyh	4qyy
4r06	4r0a	4r3c	4r3w	4r4c	4r4i	4r4o	4r4q	4r4t	4r5a
4r5b	4r5n	4r5t	4r5v	4r5x	4r6e	4r6t	4r6w	4r6x	4r74
4r75	4r76	4r7m	4r8y	4r91	4r92	4r93	4r95	4ra1	4ra5
4rak	4rcd	4rce	4rcf	4rcg	4rd6	4rdn	4re2	4re4	4re9
4res	4ret	4rfc	4rfd	4rfy	4rfz	4rg0	4rio	4riu	4riv
4rj3	4rj4	4rj5	4rj6	4rj7	4rj8	4rlk	4rll	4rn4	4rpn
4rpo	4rqk	4rqv	4rrn	4rro	4rrs	4rrv	4rs0	4rsc	4rse
4rsk	4rss	4rux	4ruy	4ruz	4rvk	4rvl	4rvm	4rvt	4rx7
4rx8	4rx9	4ryl	4tim	4tju	4tjw	4tjy	4tk0	4tk1	4tk2
4tk3	4tk4	4tk5	4tkf	4tkg	4tki	4tln	4tlr	4tmp	4tmr
4tn2	4tn4	4tpm	4tpp	4tpt	4tpw	4ts1	4tt2	4tte	4tu4
4tv3	4tvj	4tw6	4tw7	4tw9	4twc	4twd	4tww	4tx6	4txs
4ty6	4ty8	4ty9	4tya	4tyb	4tyl	4tyo	4tz2	4tz8	4tzm
4tzn	4u0d	4u0e	4u0f	4u0i	4u0m	4u0n	4u0u	4u2y	4u3f
4u43	4u44	4u45	4u4x	4u54	4u58	4u5j	4u5o	4u5s	4u5u
4u5v	4u69	4u6c	4u6e	4u6r	4u6w	4u6y	4u71	4u73	4u79
4u7o	4u8w	4u90	4u91	4u93	4ua8	4uac	4ual	4uc5	4uco
4ucr	4ucs	4uct	4ucu	4ucv	4uda	4udb	4ufe	4uff	4ufg
4ufh	4ufi	4ufj	4ufk	4ufl	4ufm	4ufz	4uix	4uiz	4uj1
4uj2	4uj9	4uja	4ujb	4uma	4umb	4umc	4umq	4umr	4umt
4umu	4und	4urk	4urn	4uru	4urv	4urw	4urx	4ury	4urz
4us3	4us4	4usj	4usw	4utn	4utr	4utv	4utx	4uu7	4uu8
4uua	4uub	4uv8	4uv9	4uva	4uvb	4uvc	4uwf	4uwg	4uwh
4uwl	4ux6	4uxb	4uxl	4uxq	4uyd	4uye	4uyf	4uyg	4uyh
4uyn	4uzd	4uzh	4v05	4v24	4v25	4w4v	4w4w	4w4x	4w4y
4w4z	4w50	4w52	4w53	4w54	4w55	4w57	4w7p	4w7t	4w97
4w9d	4w9e	4w9f	4w9j	4w9k	4w9n	4w9o	4w9p	4w9q	4w9w
4wa9	4waf	4wag	4wbo	4wf2	4wf6	4wgi	4wh7	4wh9	4whq
4whr	4whs	4wht	4why	4whz	4wi1	4wj5	4wj7	4wke	4wki
4wmu	4wmv	4wmx	4wmy	4wnk	4wov	4wp7	4wpn	4wsy	4wt6
4wuy	4wvl	4ww6	4wwn	4wwo	4wwp	4wy1	4wy3	4wy6	4wym
4wz8	4x11	4x1f	4x2l	4x3r	4x47	4x48	4x49	4x5y	4x5z
4x60	4x63	4x6k	4x6m	4x6n	4x6x	4x6y	4x7h	4x7i	4x7j
4x7k	4x7l	4x7n	4x7o	4x7q	4xaq	4xar	4xas	4xe0	4xe1
4xg6	4xg7	4xg8	4xg9	4xh6	4xhl	4xip	4xiq	4xir	4xj0
4xkx	4xm6	4xm7	4xm8	4xmo	4xnv	4xnw	4xqu	4xs2	4xta
4xtv	4xtx	4xty	4xtz	4xu0	4xu1	4xu2	4xu3	4xuh	4xum
4xwk	4xx9	4xxs	4xy9	4xyc	4xyf	4y2b	4y2j	4y2p	4y2q
4y2s	4y2t	4y2u	4y2v	4y2x	4y2y	4y46	4y4v	4y5h	4y62
4y64	4y6m	4y73	4y83	4y85	4y87	4y8c	4y8d	4y8x	4y8y
4y8z	4ybj	4ybk	4ycl	4ycm	4ycn	4ycu	4ycv	4ydq	4yh3
4yht	4yjn	4yk0	4yll	4ylu	4ymj	4ynd	4yo6	4yog	4yoi
4yoj	4yp8	4ypf	4yqh	4yrc	4yrd	4yrg	4yrr	4ytc	4yth
4yti	4yur	4yuw	4yux	4yuy	4yuz	4yv0	4yv1	4yvc	4yve
4yx4	4yxd	4yxi	4yxo	4yxu	4yyt	4yz5	4yz9	4yzc	4z1j
4z1k	4z1n	4z22	4z2h	4z2i	4z2j	4z2k	4z83	4z84	4z8d
4z93	4z9l	4za0	4zed	4zei	4zek	4zg9	4zim	4zk5	4zki
4zl4	4zla	4zlo	4zme	4zmf	4zow	4zpe	4zpf	4zpg	4zqt
4zs0	4zs2	4zs3	4zsm	4zsp	4zsq	4zsr	4zt2	4zt4	4zt5
4zt6	4zt7	4ztl	4ztn	4ztq	4ztr	4zts	4zw3	4zw5	4zw7
4zw8	4zx0	4zx1	4zx4	4zx5	4zx8	4zx9	4zy0	4zy1	4zy2
4zyr	4zzx	4zzy	5a00	5a14	5a3n	5a3t	5a3w	5a3x	5a4e
5a4l	5a4q	5a54	5a5s	5a5z	5a69	5a6a	5a6b	5a6h	5a6k
5a6n	5a7y	5a9u	5aa8	5aa9	5aaa	5aab	5aac	5aad	5aae
5aaf	5aag	5ab9	5abe	5abf	5abg	5abp	5acw	5ael	5aep
5ai0	5ai4	5ai6	5ai8	5ai9	5aia	5aib	5aic	5ajv	5ajw
5ajx	5ajy	5ajz	5ak0	5ak2	5ak3	5ak4	5ak5	5ak6	5ake
5akg	5akh	5aki	5akj	5akk	5akl	5akz	5ald	5ale	5alf
5alg	5alh	5ali	5alj	5alk	5all	5alm	5aln	5alo	5alp
5alr	5als	5alt	5alu	5alv	5alw	5alx	5aly	5am0	5am1
5am2	5am3	5am4	5am5	5amd	5amg	5aml	5amn	5anq	5aom
5ap0	5ap1	5ap2	5ap3	5ap4	5ap5	5ap6	5aqf	5aqg	5aqh
5aqj	5aqk	5aqn	5aqo	5aqp	5aqq	5aqr	5aqt	5aqu	5aqz
5ar5	5ar7	5arf	5arg	5auu	5auv	5auw	5aux	5auy	5auz
5av0	5avi	5ax9	5axq	5ayy	5b0x	5b1s	5b25	5b4k	5b4l
5bml	5bms	5bnm	5bnr	5bns	5bpp	5bqs	5bue	5bve	5bvf
5bvk	5bvn	5bvo	5bvw	5bw4	5byi	5c1w	5c26	5c42	5c4k
5c5h	5c6o	5c6p	5c8k	5c8m	5c8n	5cal	5can	5cao	5cap
5caq	5cas	5cau	5cav	5cbm	5cbr	5cbs	5cc2	5ccl	5cdh
5ceh	5cf4	5cf8	5cgc	5cgd	5cgj	5cj6	5cjf	5ckr	5cks
5clm	5cnj	5cnm	5cpr	5cqu	5cr7	5cs6	5csh	5csp	5ct7
5ctc	5cte	5cu2	5cu4	5cuq	5cwa	5cxh	5cy3	5czb	5d0r
5d12	5d1n	5d24	5d26	5d3l	5d3n	5d3p	5d3s	5d3t	5d6j
5d7a	5da3	5db0	5db1	5db2	5db3	5dbm	5dd9	5dda	5ddb
5ddc	5ddd	5dde	5ddf	5dgz	5dh3	5dh5	5dhg	5dhh	5dhj
5dhp	5dhq	5dhr	5dhs	5dht	5dhu	5diq	5dit	5diu	5div
5djr	5dk4	5dnu	5doh	5dpx	5dqc	5dqf	5dri	5dro	5drq
5dry	5dt2	5dtj	5dtk	5dtq	5dtr	5dts	5dtt	5dv2	5dva
5dx4	5dxh	5dxt	5dxu	5dy5	5dyt	5dyw	5dyy	5e1e	5e1s
5e28	5e2k	5e2l	5e2n	5e2r	5e2s	5e5g	5e8r	5e91	5ea3
5ea5	5ea7	5eak	5ech	5eci	5ecv	5edq	5edr	5eds	5edu
5ee7	5eek	5efh	5egs	5egu	5eh0	5eh5	5eh7	5ehe	5ehg
5ehi	5ehn	5ehp	5ehr	5ehv	5ehw	5ehy	5ei2	5ei6	5ei8
5eif	5eij	5eiw	5ejv	5ekh	5ekj	5ekm	5ekn	5eko	5ekx
5elv	5em5	5em6	5em7	5em8	5eng	5enk	5enm	5ep7	5eqy
5er1	5er2	5erg	5es1	5etj	5eud	5eue	5evb	5evk	5evz
5ew3	5ew9	5ewj	5ewm	5exn	5exw	5ey0	5ey4	5ey8	5ey9
5eyd	5eyk	5eym	5ezx	5f00	5f01	5f1x	5f20	5f2k	5f2r
5f2w	5f32	5f3t	5f3z	5f41	5f4n	5f5i	5f60	5f94	5f95
5f9b	5fcw	5fcz	5fd2	5fdc	5fdi	5fdo	5fdp	5fhm	5fhn
5fi2	5fi6	5fi7	5fkj	5fky	5fl0	5fl1	5flo	5flp	5flq
5flt	5fnc	5fnd	5fnf	5fng	5fnj	5fnq	5fnr	5fns	5fnt
5fnu	5fp0	5fqc	5fqp	5fqr	5fqs	5fqt	5fqv	5fsx	5fsy
5fto	5fue	5fv7	5fwa	5fwj	5fxq	5fxr	5g1n	5g1p	5g2b
5g2n	5g4n	5g53	5g57	5ggz	5ghv	5gja	5gjf	5gjg	5gmh
5gmn	5gn5	5gn6	5gs9	5gsa	5gut	5gv2	5gvk	5gvl	5gvm
5gvp	5h09	5h0b	5h0e	5h0g	5h0h	5h13	5h19	5h22	5h2u
5h3q	5h85	5h8b	5h8e	5h8g	5ha9	5hbh	5hct	5hcv	5hcx
5hcy	5hd0	5hdv	5hdx	5hdz	5he0	5he1	5he2	5he4	5he7
5hes	5hex	5hfu	5hg1	5hgq	5hh5	5hh6	5his	5hjq	5hkm
5hln	5hlp	5hls	5hlw	5hm0	5hmy	5hn0	5hn7	5hn8	5hn9
5hna	5hng	5ho6	5ho7	5ho8	5hoa	5hor	5hu0	5hvp	5hvu
5hvy	5hx6	5hx8	5hzn	5i0b	5i2r	5i3v	5i3w	5i3x	5i3y
5i80	5i83	5i88	5i89	5i8b	5i8g	5i8p	5i94	5i9i	5i9x
5i9y	5ia0	5ia1	5ia3	5ia4	5ia5	5idp	5ie1	5iee	5ief
5ifu	5ih5	5ih6	5ih8	5ih9	5iha	5ij7	5im3	5in9	5ism
5itd	5ito	5itp	5iu4	5iu7	5iu8	5iua	5iub	5iuh	5iv4
5ivf	5ivj	5izk	5izl	5izm	5j0d	5j1v	5j20	5j27	5j2x
5j4n	5j4y	5j58	5j59	5j5r	5j64	5j6a	5j6d	5j6l	5j6m
5j6n	5j71	5j75	5j7b	5j7w	5j82	5j86	5j8m	5j8u	5j8z
5j9l	5j9x	5jah	5jal	5jan	5jao	5jap	5jar	5jas	5jat
5jau	5jcb	5jfr	5jga	5jgb	5jgd	5jhb	5jjr	5jjs	5jn8
5jn9	5jna	5jnc	5jox	5jpt	5jq5	5jq7	5jq8	5jq9	5jqb
5jur	5jv0	5jv1	5jv2	5jxn	5jxq	5jyp	5jzn	5jzy	5k00
5k0m	5k0t	5k1i	5k48	5k4i	5k4j	5k4l	5k4x	5k4z	5k5e
5k5n	5k5s	5k76	5k8n	5k8v	5k9w	5ka1	5ka3	5ka7	5ka9
5kab	5kad	5kby	5kcx	5kdr	5ke0	5khx	5kit	5kj2	5kjk
5kjm	5kjn	5kkr	5kks	5kkt	5kls	5kmf	5knj	5kpk	5kpl
5kq5	5kqf	5kr8	5ksx	5ktx	5ku3	5ku6	5kv8	5kv9	5kva
5kw2	5kww	5kz0	5kzq	5l13	5l2i	5l2m	5l2n	5l2o	5l2s
5l2t	5l3a	5l3e	5l3j	5l44	5l4h	5l6h	5l6j	5l72	5l7e
5l7g	5l7h	5l8c	5l8y	5l9g	5l9h	5l9i	5l9l	5l9o	5lbq
5lce	5lch	5ld8	5le1	5lg3	5lgn	5lgt	5lhg	5lhh	5lhi
5lj1	5lj2	5ljj	5lkr	5ll4	5ll5	5ll9	5lla	5llc	5lle
5llg	5llh	5llm	5lm4	5lma	5lmb	5lmk	5lo5	5lo6	5lom
5lp6	5lpd	5lqf	5lqq	5ls6	5lsc	5lsg	5luu	5lvl	5lvn
5lwd	5lwm	5lwn	5lxc	5lyx	5lyy	5lz2	5lz4	5lz5	5lz7
5lz8	5lz9	5m04	5m0d	5m0m	5m0s	5m39	5m44	5m4c	5m4f
5m4i	5m4k	5m4q	5m4u	5m51	5m53	5m55	5m56	5m57	5m6u
5m7u	5mar	5mat	5mby	5meh	5mek	5mf6	5mfr	5mfs	5mhp
5mhq	5mi3	5mi5	5mi7	5mi9	5mim	5mja	5mjn	5mks	5ml5
5mli	5mme	5mmg	5mo8	5mod	5moe	5mpk	5mpn	5mpz	5mqe
5mqv	5mrb	5mrd	5mrh	5mri	5msb	5mtx	5mw3	5mxr	5mz3
5mz8	5n0d	5n0e	5n1r	5n1s	5n25	5n2x	5n2z	5n34	5n4s
5n4t	5n53	5n55	5n58	5n7v	5n84	5n87	5n93	5n9k	5n9l
5n9n	5n9s	5n9t	5nad	5nap	5nau	5ncy	5ncz	5ndf	5ne5
5nea	5nee	5nev	5nfh	5ng9	5ngb	5ngu	5nhf	5nhz	5ni0
5nih	5njz	5nk2	5nk3	5nk4	5nk6	5nk7	5nk8	5nk9	5nka
5nkb	5nkc	5nkd	5nkg	5nkh	5nki	5nkk	5nlk	5nn0	5nn4
5nn5	5nn6	5nr8	5nra	5nrf	5nu1	5nuu	5nw7	5nx9	5nxg
5nxi	5nxo	5nxp	5nxv	5nxw	5ny1	5ny3	5ny6	5nya	5nze
5nzf	5nzm	5nzn	5nzo	5nzp	5nzq	5o07	5o0j	5o11	5o1d
5o1h	5o2d	5o5m	5o7e	5o83	5o91	5o9h	5o9o	5o9p	5o9q
5o9r	5oa2	5obj	5obr	5oci	5oei	5of0	5ofu	5ofv	5ofw
5ogk	5ogl	5oht	5ohy	5oku	5one	5op6	5op8	5oqu	5orh
5ork	5orr	5ort	5orv	5orw	5orx	5ory	5orz	5os0	5os1
5os2	5os3	5os4	5os5	5os7	5os8	5osd	5ose	5osk	5osl
5ot8	5ot9	5ota	5otc	5otr	5otz	5ou2	5ou3	5oul	5ove
5ovf	5ovg	5ovh	5ovr	5ovx	5owh	5owl	5oxg	5prc	5pzm
5q0g	5q0h	5qa4	5qa5	5qa6	5qa7	5qa8	5qa9	5qaa	5qab
5qac	5qad	5qae	5qag	5qah	5qai	5qaj	5qak	5qal	5qam
5qan	5qao	5qap	5qaq	5qar	5qas	5qat	5qau	5qav	5qaw
5qax	5qay	5qaz	5qb0	5qb1	5qb2	5qb3	5qck	5qcl	5qin
5qj3	5qqo	5qqp	5std	5svk	5svl	5swg	5sz0	5sz1	5sz2
5sz3	5sz4	5sz6	5sz7	5t19	5t1s	5t1t	5t1u	5t1w	5t23
5t27	5t28	5t2b	5t2d	5t2g	5t2i	5t2l	5t2m	5t31	5t4b
5t4f	5t4h	5t68	5t8e	5t8j	5t8p	5t8q	5t92	5t97	5tb6
5tbe	5tbj	5tc0	5tci	5tcj	5tco	5td2	5tex	5tfx	5tgc
5thi	5thj	5thn	5ti0	5ti2	5ti3	5ti4	5ti5	5ti6	5tiu
5tjx	5tkd	5tks	5tln	5toe	5tol	5tpg	5tq3	5tq4	5tq5
5tq6	5tq8	5tqu	5tr6	5trh	5trk	5tt7	5ttf	5tuq	5tur
5tuy	5tw2	5tw3	5tw5	5twl	5twz	5tx5	5txy	5ty1	5ty8
5ty9	5tya	5tz3	5tzw	5tzx	5tzy	5u0d	5u0e	5u0f	5u0g
5u0w	5u0y	5u0z	5u11	5u12	5u13	5u14	5u2c	5u2e	5u2f
5u4x	5u5h	5u5k	5u62	5u6b	5u6c	5u6d	5u7j	5u7l	5u7o
5u8a	5u8f	5uah	5ubt	5ueu	5uey	5uga	5ugb	5ugh	5ugm
5uig	5uiq	5uir	5uis	5uit	5uiu	5ukj	5ukk	5ukl	5ukm
5ul5	5ulg	5uln	5ulp	5un1	5uoo	5uor	5uox	5up3	5upe
5upf	5upj	5uqv	5urj	5urm	5usf	5usy	5uuu	5ux4	5uxm
5uxn	5uyu	5uzj	5v0n	5v19	5v24	5v2l	5v3h	5v3o	5v3y
5v40	5v41	5v49	5v6u	5v79	5v7a	5v7i	5v8q	5v9p	5v9t
5vb6	5vb7	5vcv	5vcw	5vcx	5vcy	5vcz	5vd1	5vd3	5vdo
5vdp	5vdq	5vdu	5vdv	5vdw	5vee	5vex	5vgy	5vil	5vio
5vja	5vlr	5vo6	5vqe	5vqq	5vqs	5vqt	5vqu	5vqw	5vrl
5vs6	5vsc	5vse	5vsj	5vt4	5w0e	5w0f	5w0i	5w0l	5w0q
5w1e	5w2p	5w2q	5w5o	5w5v	5w84	5w8h	5w8j	5w99	5wa5
5wal	5wb6	5wbf	5wbm	5wbp	5wbq	5wbr	5wdj	5wev	5wex
5wf5	5wf6	5wf7	5wfc	5wfd	5wg4	5wg5	5wg6	5wgp	5wh5
5wh6	5wi0	5wj6	5wl0	5wlt	5wlv	5wmg	5wo4	5wp5	5wqa
5wqc	5wr7	5ws3	5wuk	5wvd	5wyq	5wyr	5wyx	5wyz	5wzr
5x26	5x27	5x28	5x33	5x5o	5x8i	5x9h	5xaf	5xag	5xbt
5xg4	5xhr	5xig	5xih	5xij	5xiw	5xkm	5xmp	5xmr	5xms
5xmt	5xmu	5xmx	5xqx	5xsr	5xst	5xsu	5xv7	5xvf	5xvu
5xyx	5xyy	5xzr	5y1y	5y2f	5y5n	5y5t	5y5u	5y6d	5y6e
5y6k	5y7j	5y7k	5y7z	5y80	5y86	5ya5	5yas	5ybi	5yc8
5ye7	5ye8	5ye9	5yea	5yf1	5yfs	5yft	5yfz	5yg2	5yg3
5yg4	5yh8	5yhe	5yhg	5yhl	5yij	5yjb	5yjf	5yji	5yjo
5yl2	5ylj	5yls	5ylt	5ylu	5ylv	5yql	5yqo	5yve	5yvt
5ywg	5ywy	5yy6	5yyb	5yz7	5yzc	5z1c	5z1e	5z4o	5z5f
5z5v	5z66	5z68	5z89	5z95	5z99	5z9e	5za7	5za8	5zaf
5zag	5zc5	5zcu	5ze6	5zef	5zg0	5zg1	5zg3	5zh2	5zh3
5zh4	5zh5	5zhm	5zhn	5zk3	5zk8	5zkb	5zkc	5zlf	5znc
5zni	5zo8	5zo9	5zr3	5ztn	5zty	5zun	5zxi	5zz2	6a1c
6a3n	6a93	6a94	6aah	6aaj	6aak	6aam	6aaq	6abk	6abp
6abx	6aej	6afk	6agk	6agt	6ahi	6ajg	6ajh	6aji	6ak4
6ak5	6akw	6alc	6alz	6am8	6ami	6an1	6anl	6aol	6aom
6ap6	6ap7	6ap8	6apr	6apw	6aqf	6aqq	6aqs	6arv	6as6
6asu	6aum	6awo	6awp	6axq	6ay5	6b2q	6b3e	6b4d	6b4h
6b59	6b5a	6b5i	6b7h	6b8j	6b8u	6baw	6bbu	6bbv	6beb
6bed	6bee	6beh	6bfa	6bfd	6bfe	6bfw	6bfx	6bh0	6bhv
6bky	6bm6	6bmv	6bmx	6bny	6bo6	6bod	6boe	6boy	6bqg
6bqh	6bs5	6bsk	6bu1	6bx6	6bxy	6by8	6c0n	6c0r	6c0s
6c0t	6c0u	6c1s	6c2r	6c2t	6c2x	6c2y	6c3e	6c42	6c4d
6c4g	6c5q	6c6o	6c7g	6c7x	6c8p	6c91	6c9n	6c9p	6c9q
6c9r	6c9s	6c9v	6cd5	6cf5	6cf7	6cfc	6cgt	6chh	6cis
6ciy	6cj5	6cje	6cjh	6cjw	6cjy	6ck6	6ckc	6cki	6cmj
6cmr	6cms	6cn5	6cn6	6cnj	6cnk	6coj	6cpa	6cpw	6cq0
6cq4	6cq5	6cqf	6cse	6csf	6csp	6cvd	6cyc	6cyi	6cz3
6cz4	6czv	6d1a	6d1b	6d1g	6d1h	6d1i	6d28	6d4o	6d4q
6d4u	6d4v	6d4w	6d50	6d56	6d59	6d5e	6d5h	6d5j	6d5w
6d6t	6d6u	6d8v	6dak	6db3	6dcg	6dd0	6dd1	6det	6dgl
6dgo	6dgr	6dhu	6die	6dih	6dim	6djc	6djd	6dji	6djj
6dkb	6dkg	6dki	6dko	6dlj	6dne	6dnp	6dpx	6dpz	6drx
6dry	6drz	6dsp	6dtw	6dtx	6duf	6dug	6duh	6dvo	6dxg
6dy7	6e0r	6e13	6e1a	6e1z	6e2n	6e2o	6e3z	6e4a	6e4t
6e4u	6e4w	6e59	6e7t	6e7u	6e7v	6e8x	6e99	6e9l	6e9w
6ea1	6ea2	6eaa	6eab	6ebe	6ebw	6ecz	6ed6	6eda	6edl
6eds	6ee2	6ee4	6eea	6eed	6eeh	6eeo	6eg9	6ega	6egs
6ei5	6eij	6eil	6eip	6eiq	6eis	6ej2	6ej3	6ej4	6ekd
6eks	6eku	6el5	6eln	6elo	6elp	6emh	6en4	6en5	6eo8
6eo9	6eq8	6eqm	6eqp	6es0	6etj	6euc	6euv	6ew3	6ewk
6exi	6exs	6ey9	6eyb	6ez6	6ezg	6ezh	6ezq	6f1j	6f26
6f34	6f3d	6f3e	6f3g	6f5h	6f5u	6f6n	6f6s	6f6u	6f7b
6f7c	6f7q	6f86	6f8u	6f90	6f9g	6f9v	6fba	6fer	6few
6fex	6ffh	6ffi	6fh3	6fhk	6fil	6fnf	6fni	6fnj	6fnq
6fnr	6fnx	6fo5	6fo7	6fo8	6fo9	6fob	6fpu	6fqo	6fqu
6fr0	6fr2	6frf	6fsd	6fse	6fsy	6ft3	6ft4	6ft8	6ft9
6ftn	6ftw	6fu5	6fv4	6fyv	6fzg	6fzj	6fzu	6g01	6g07
6g1w	6g33	6g34	6g39	6g3a	6g3y	6g4n	6g4y	6g4z	6g5u
6g6t	6g6y	6g6z	6g7a	6g93	6g9a	6g9d	6g9h	6g9i	6g9j
6g9k	6g9m	6g9n	6g9x	6gbw	6gcw	6gcx	6gdg	6ge0	6gg3
6gg4	6gg5	6gg8	6gge	6ggg	6gh9	6gi6	6gih	6gin	6gip
6gjb	6gl3	6gl9	6gla	6glb	6gmd	6gn1	6got	6gqm	6gu3
6gu4	6gu7	6guc	6gue	6guf	6guk	6gva	6gwr	6gx3	6gxa
6gxb	6gxe	6gxq	6gxu	6gxw	6gy0	6gz9	6gzd	6gzh	6gzm
6h12	6h13	6h14	6h29	6h2z	6h33	6h34	6h36	6h37	6h38
6h4d	6h4u	6h4z	6h50	6h51	6h75	6h76	6h7d	6h7f	6h7j
6h7l	6h7m	6h7n	6h7o	6h9b	6h9v	6h9x	6hb5	6hb6	6hb7
6hbm	6hbn	6hcu	6hcv	6hcw	6hgv	6hh3	6hh5	6hhr	6hjk
6hk3	6hk4	6hk6	6hk7	6hke	6hkx	6hky	6hlx	6hlz	6hm1
6hm6	6hm7	6hmb	6hmx	6hni	6hoq	6hor	6hot	6hou	6hoy
6hp0	6hq3	6hq4	6hq7	6hqy	6hro	6hrq	6hs4	6hsz	6ht8
6htg	6hth	6hti	6htz	6hu0	6hu1	6hu2	6hv0	6hvh	6hvi
6hvj	6hys	6hzp	6hzu	6hzv	6hzy	6i0b	6i0z	6i10	6i11
6i12	6i13	6i14	6i15	6i16	6i17	6i18	6i1r	6i3u	6i5g
6i5i	6i5y	6i8m	6i8t	6i8z	6i9a	6ibl	6ibs	6ibv	6iby
6ibz	6ic0	6ic2	6iik	6iil	6iin	6iiu	6iiv	6ikm	6ilq
6ilz	6im6	6imb	6imd	6imi	6imr	6ind	6ipl	6iql	6irt
6iup	6j5l	6j63	6j8r	6j9w	6j9y	6jad	6jag	6jam	6jan
6jao	6jap	6jaq	6jav	6jaw	6jb0	6jb4	6jbb	6jbe	6jib
6jid	6jki	6jmf	6jn6	6jse	6jsf	6jsg	6jsn	6jtc	6jut
6jwa	6k0j	6k1q	6k3l	6kjd	6kla	6kqi	6kzc	6kzd	6m8q
6m95	6m9l	6m9t	6ma1	6ma2	6ma3	6ma5	6mck	6md0	6md4
6md7	6mdb	6mdc	6mdd	6mdq	6me4	6me5	6miv	6miy	6mjq
6mjw	6mlf	6mlw	6mnv	6mo4	6mod	6mom	6moo	6mq3	6mr5
6msn	6mso	6mul	6mum	6mvu	6mvx	6mx3	6mx8	6mxc	6mxd
6mxe	6myn	6n0m	6n17	6n19	6n3k	6n3n	6n3o	6n3z	6n48
6n4b	6n5f	6n5g	6n5h	6n79	6n7a	6n7c	6n7d	6n7y	6n7z
6n82	6n9l	6nao	6ndl	6nfg	6nfo	6nfy	6ng0	6nji	6nmb
6no9	6np5	6npt	6nrg	6nrh	6nri	6nrj	6nsp	6nss	6nti
6nu1	6nu5	6nv7	6nv9	6ny4	6nyh	6nyv	6nyw	6nze	6nzf
6nzh	6nzk	6nzp	6nzq	6nzr	6o0h	6o1g	6o2p	6o4w	6o50
6o9d	6o9x	6oa1	6oag	6oah	6ob0	6oco	6ocq	6ocu	6od6
6odz	6oe1	6oe3	6oh2	6oh3	6ohd	6oi8	6oi9	6oio	6oip
6oiq	6oir	6oko	6op9	6os6	6ox0	6oyh	6oyw	6oz6	6p10
6p11	6p12	6p1l	6p83	6peb	6pf3	6pf5	6pfj	6pg3	6pg4
6pg6	6pg7	6pg8	6pga	6pgb	6pge	6pi1	6pi5	6pi6	6pii
6pl2	6plf	6plg	6pm9	6ppy	6prc	6ps0	6ps1	6ps3	6ps4
6ps5	6ps6	6psb	6pt3	6pyu	6pz4	6q2y	6q30	6q3z	6q4e
6q54	6q60	6q6f	6q73	6q89	6q8a	6q8b	6q8c	6q8k	6q8p
6qab	6qac	6qad	6qae	6qat	6qau	6qcj	6qef	6ql1	6qmd
6qme	6qmj	6qmk	6qs5	6qwi	6qxa	6qxj	6qxs	6qyl	6qyn
6qyo	6qz7	6qzh	6r0k	6r4s	6r5f	6r8q	6r8r	6rfj	6rfn
6rj2	6rj5	6rj6	6rk4	6rna	6rot	6rqk	6s0e	6s43	6s7k
6s7s	6s88	6s8a	6s9b	6s9c	6s9d	6sd9	6sdc	6sdd	6sfc
6sfi	6sfj	6sfk	6slg	6sq0	6sy7	6sze	6szj	6t6a	6tim
6tl2	6tld	6u26	6u6w	6u80	6u9v	6ufo	6ugn	6ugo	6ugp
6ugq	6ugr	6ugz	6uh0	6uhu	6uhv	6uii	6uil	6uim	6ul8
6upj	6uvv	6uvy	6uwp	6uwv	7abp	7cpa	7gpb	7prc	7std
8a3h	8abp	8cpa	8gpb	8hvp	9abp	9hvp	9icd
